System,Metal,Hetatom,Cavity,Base_Cavity,y,Pred_00000,Train_00000,sac_cavity
Ag_N_din4,Ag,N,din4,din4,0.717005750000105,-0.541473708205972,False,N_din4
Ag_N_din4_c3,Ag,N,din4_c3,din4,-1.20499424999992,-0.963806307632211,False,N_din4_c3
Ag_N_din3,Ag,N,din3,din3,1.14700575000005,1.48071449212565,False,N_din3
Ag_N_rol1_din2_c2_s1,Ag,N,rol1_din2_c2_s1,rol1_din2,1.56700575000001,1.14269330683579,False,N_rol1_din2_c2_s1
Ag_N_rol3,Ag,N,rol3,rol3,-0.018994249999999,-0.273567938777206,False,N_rol3
Ag_C_din4_c4,Ag,C,din4_c4,din4,0.417005750000036,-0.430701039955418,False,C_din4_c4
Ag_N_rol1_din2,Ag,N,rol1_din2,rol1_din2,1.56000574999995,1.57673427392864,False,N_rol1_din2
Ag_C_rol1_din2_c3,Ag,C,rol1_din2_c3,rol1_din2,1.17600574999994,0.605580389619858,False,C_rol1_din2_c3
Ag_N_rol1_din2_c2_s2,Ag,N,rol1_din2_c2_s2,rol1_din2,1.57200575000001,1.14007528027097,False,N_rol1_din2_c2_s2
Ag_N_din4_c1,Ag,N,din4_c1,din4,-0.663994249999981,-0.875466419939069,False,N_din4_c1
Ag_N_din3_c1,Ag,N,din3_c1,din3,1.21800575000008,1.0775679488673,False,N_din3_c1
Ag_N_rol2_din2,Ag,N,rol2_din2,rol2_din2,-1.66499424999996,-2.35882484096209,False,N_rol2_din2
Ag_N_din4_c2_s1,Ag,N,din4_c2_s1,din4,-0.718994250000045,-0.871806888617523,False,N_din4_c2_s1
Ag_N_din4_c2_d1,Ag,N,din4_c2_d1,din4,-1.17199425000002,-1.09751272769942,False,N_din4_c2_d1
Ag_N_rol1_din2_c1_b,Ag,N,rol1_din2_c1_b,rol1_din2,1.78600574999995,1.45025306832958,False,N_rol1_din2_c1_b
Ag_N_rol2_din2_a,Ag,N,rol2_din2_a,rol2_din2,-2.53699425000003,-2.84665678537988,False,N_rol2_din2_a
Ag_N_rol2_din2_b,Ag,N,rol2_din2_b,rol2_din2,-2.07099425000002,-2.70732379420495,False,N_rol2_din2_b
Ag_C_din3_c3,Ag,C,din3_c3,din3,1.17700574999991,0.648503914259752,False,C_din3_c3
Ag_N_rol2_din2_c2_s3,Ag,N,rol2_din2_c2_s3,rol2_din2,-0.051994249999901,-0.616224042249297,False,N_rol2_din2_c2_s3
Ag_C_rol2_din2_c4,Ag,C,rol2_din2_c4,rol2_din2,-4.64399425,-4.49343462364257,False,C_rol2_din2_c4
Ag_N_din3_c2,Ag,N,din3_c2,din3,1.57000574999994,1.15896676170034,False,N_din3_c2
Ag_C_rol3_c3,Ag,C,rol3_c3,rol3,-0.836994249999983,-2.13323764590534,False,C_rol3_c3
Ag_N_din4_c2_s2,Ag,N,din4_c2_s2,din4,-1.61199424999996,-1.08523496854472,False,N_din4_c2_s2
Ag_N_rol1_din2_c1_a,Ag,N,rol1_din2_c1_a,rol1_din2,1.22000575000003,1.12133786114305,False,N_rol1_din2_c1_a
Ag_N_rol3_c2,Ag,N,rol3_c2,rol3,-0.61299425000005,-1.49576630963254,False,N_rol3_c2
Ag_N_rol2_din2_c2_s1,Ag,N,rol2_din2_c2_s1,rol2_din2,-3.89099425000007,-3.54615980596197,False,N_rol2_din2_c2_s1
Ag_N_rol2_din2_c2_s2,Ag,N,rol2_din2_c2_s2,rol2_din2,-3.40299425000001,-3.43015574362085,False,N_rol2_din2_c2_s2
Ag_N_din4_c2_d2,Ag,N,din4_c2_d2,din4,-1.17199425000002,-1.06482086637481,False,N_din4_c2_d2
Ag_N_rol2_din2_c2_d1,Ag,N,rol2_din2_c2_d1,rol2_din2,-2.90999425000008,-3.25259509194558,False,N_rol2_din2_c2_d1
Ag_N_rol3_c1,Ag,N,rol3_c1,rol3,-0.182994249999986,-0.746905993669517,False,N_rol3_c1
Au_N_rol2_din2_c2_s2,Au,N,rol2_din2_c2_s2,rol2_din2,-4.29529049999991,-3.77913747475011,False,N_rol2_din2_c2_s2
Au_C_rol1_din2_c3,Au,C,rol1_din2_c3,rol1_din2,1.41470950000001,-0.470163871594886,False,C_rol1_din2_c3
Au_N_rol2_din2,Au,N,rol2_din2,rol2_din2,-1.3442905,-2.59490559750777,False,N_rol2_din2
Au_N_din4_c3,Au,N,din4_c3,din4,-2.15329049999997,-1.91939973998381,False,N_din4_c3
Au_N_rol1_din2_c2_s1,Au,N,rol1_din2_c2_s1,rol1_din2,1.8527095,0.694816711804703,False,N_rol1_din2_c2_s1
Au_N_din4_c2_s1,Au,N,din4_c2_s1,din4,-1.47929049999999,-1.93087147903055,False,N_din4_c2_s1
Au_N_rol3_c1,Au,N,rol3_c1,rol3,0.189709499999988,-1.21915934720962,False,N_rol3_c1
Au_N_din4_c1,Au,N,din4_c1,din4,-1.34229050000005,-1.90283139108946,False,N_din4_c1
Au_N_rol2_din2_b,Au,N,rol2_din2_b,rol2_din2,-2.61229050000003,-2.89246193925842,False,N_rol2_din2_b
Au_N_din3_c2,Au,N,din3_c2,din3,1.85670950000002,0.701436273436838,False,N_din3_c2
Au_N_rol2_din2_c2_s3,Au,N,rol2_din2_c2_s3,rol2_din2,0.269709500000029,-1.37462735868355,False,N_rol2_din2_c2_s3
Au_N_rol1_din2_c1_b,Au,N,rol1_din2_c1_b,rol1_din2,1.75770949999997,1.23010979209633,False,N_rol1_din2_c1_b
Au_N_rol2_din2_a,Au,N,rol2_din2_a,rol2_din2,-3.13329049999999,-3.05008659958183,False,N_rol2_din2_a
Au_N_din4_c2_s2,Au,N,din4_c2_s2,din4,-2.44729049999996,-2.0159770151244,False,N_din4_c2_s2
Au_N_din3_c1,Au,N,din3_c1,din3,1.50070950000002,0.796703346841759,False,N_din3_c1
Au_N_rol2_din2_c2_s1,Au,N,rol2_din2_c2_s1,rol2_din2,-4.76529050000005,-3.93423886796637,False,N_rol2_din2_c2_s1
Au_N_rol1_din2_c2_s2,Au,N,rol1_din2_c2_s2,rol1_din2,1.85870950000008,0.688460890774124,False,N_rol1_din2_c2_s2
Au_N_rol3,Au,N,rol3,rol3,1.14870950000005,-0.753237502665798,False,N_rol3
Au_N_rol2_din2_c2_d1,Au,N,rol2_din2_c2_d1,rol2_din2,-3.72629050000007,-3.55952027903268,False,N_rol2_din2_c2_d1
Au_N_din4_c2_d1,Au,N,din4_c2_d1,din4,-1.94829050000005,-2.02000768368653,False,N_din4_c2_d1
Au_C_din3_c3,Au,C,din3_c3,din3,1.41470950000001,-0.486823286732859,False,C_din3_c3
Au_N_rol3_c2,Au,N,rol3_c2,rol3,-0.726290499999952,-1.91553906613724,False,N_rol3_c2
Au_N_din3,Au,N,din3,din3,2.36870949999996,1.10194460240977,False,N_din3
Au_N_rol2_din2_c3_b,Au,N,rol2_din2_c3_b,rol2_din2,-5.43929050000003,-4.61141403565076,False,N_rol2_din2_c3_b
Au_N_rol2_din2_c3_a,Au,N,rol2_din2_c3_a,rol2_din2,-5.47629049999995,-4.67829980759905,False,N_rol2_din2_c3_a
Au_N_din4_c2_d2,Au,N,din4_c2_d2,din4,-1.94829050000005,-2.01224106456178,False,N_din4_c2_d2
Au_C_rol2_din2_c4,Au,C,rol2_din2_c4,rol2_din2,-5.97129049999996,-4.85174613403222,False,C_rol2_din2_c4
Au_N_rol1_din2,Au,N,rol1_din2,rol1_din2,2.30970949999999,1.1945951610688,False,N_rol1_din2
Au_C_din4_c4,Au,C,din4_c4,din4,-0.781290500000015,-0.5106345796337,False,C_din4_c4
Au_N_din4,Au,N,din4,din4,0.3917095000001,-1.70431723209987,False,N_din4
Au_N_rol1_din2_c1_a,Au,N,rol1_din2_c1_a,rol1_din2,1.5017095,0.777453639056779,False,N_rol1_din2_c1_a
Au_C_rol3_c3,Au,C,rol3_c3,rol3,-1.4742905,-2.47514496439498,False,C_rol3_c3
Cd_N_rol1_din2_c2_s1,Cd,N,rol1_din2_c2_s1,rol1_din2,0.778058700000073,1.04799708887983,False,N_rol1_din2_c2_s1
Cd_N_rol1_din2_c1_b,Cd,N,rol1_din2_c1_b,rol1_din2,0.817058699999946,1.47890027946361,False,N_rol1_din2_c1_b
Cd_N_rol1_din2,Cd,N,rol1_din2,rol1_din2,0.55205869999996,1.59049237581689,False,N_rol1_din2
Cd_N_rol2_din2_c2_d1,Cd,N,rol2_din2_c2_d1,rol2_din2,-3.04194130000009,-3.21103771793742,False,N_rol2_din2_c2_d1
Cd_N_rol2_din2_c3_a,Cd,N,rol2_din2_c3_a,rol2_din2,-4.00094130000004,-4.17085459491784,False,N_rol2_din2_c3_a
Cd_N_din4_c3,Cd,N,din4_c3,din4,-0.215941299999955,-1.1380930825176,False,N_din4_c3
Cd_N_din3_c1,Cd,N,din3_c1,din3,0.728058700000005,1.08842422655221,False,N_din3_c1
Cd_N_rol3,Cd,N,rol3,rol3,-1.51494129999993,-0.255311778887087,False,N_rol3
Cd_N_din4_c2_s2,Cd,N,din4_c2_s2,din4,-0.386941300000005,-1.24179178280178,False,N_din4_c2_s2
Cd_N_rol3_c2,Cd,N,rol3_c2,rol3,-1.5409413,-1.43011922928062,False,N_rol3_c2
Cd_N_rol1_din2_c2_s2,Cd,N,rol1_din2_c2_s2,rol1_din2,0.782058700000092,1.0453359181203,False,N_rol1_din2_c2_s2
Cd_N_rol2_din2_a,Cd,N,rol2_din2_a,rol2_din2,-3.28994130000002,-2.64115349429789,False,N_rol2_din2_a
Cd_N_rol2_din2_c2_s1,Cd,N,rol2_din2_c2_s1,rol2_din2,-3.77094130000002,-3.45992582228003,False,N_rol2_din2_c2_s1
Cd_N_din4_c2_s1,Cd,N,din4_c2_s1,din4,0.52505870000003,-1.09466169088839,False,N_din4_c2_s1
Cd_N_rol2_din2_c2_s2,Cd,N,rol2_din2_c2_s2,rol2_din2,-3.23594129999994,-3.35823161502739,False,N_rol2_din2_c2_s2
Cd_C_rol2_din2_c4,Cd,C,rol2_din2_c4,rol2_din2,-4.83794130000003,-4.36440614896972,False,C_rol2_din2_c4
Cd_N_din4_c2_d1,Cd,N,din4_c2_d1,din4,-1.07794130000004,-1.24304996995565,False,N_din4_c2_d1
Cd_N_din4,Cd,N,din4,din4,-0.520941299999905,-0.257861468075008,False,N_din4
Cd_C_din4_c4,Cd,C,din4_c4,din4,0.430058700000003,-0.334004068012213,False,C_din4_c4
Cd_C_rol1_din2_c3,Cd,C,rol1_din2_c3,rol1_din2,0.768058699999968,0.507032804176981,False,C_rol1_din2_c3
Cd_N_din4_c1,Cd,N,din4_c1,din4,-0.602941300000013,-0.937072697249002,False,N_din4_c1
Cd_N_rol1_din2_c1_a,Cd,N,rol1_din2_c1_a,rol1_din2,0.728058700000005,1.03688252230224,False,N_rol1_din2_c1_a
Cd_C_rol3_c3,Cd,C,rol3_c3,rol3,-1.48594130000005,-2.09358442551441,False,C_rol3_c3
Cd_N_rol2_din2_c2_s3,Cd,N,rol2_din2_c2_s3,rol2_din2,-0.272941299999972,-0.707502300362521,False,N_rol2_din2_c2_s3
Cd_N_rol2_din2_b,Cd,N,rol2_din2_b,rol2_din2,-2.67794130000006,-2.51863677052912,False,N_rol2_din2_b
Cd_N_din3_c2,Cd,N,din3_c2,din3,0.781058700000002,1.04089781898314,False,N_din3_c2
Cd_N_rol2_din2,Cd,N,rol2_din2,rol2_din2,-3.13494130000005,-2.01615143253154,False,N_rol2_din2
Cd_N_rol2_din2_c3_b,Cd,N,rol2_din2_c3_b,rol2_din2,-4.02394129999995,-4.06841917645778,False,N_rol2_din2_c3_b
Cd_N_rol3_c1,Cd,N,rol3_c1,rol3,-1.44194130000007,-0.746314315819922,False,N_rol3_c1
Cd_N_din4_c2_d2,Cd,N,din4_c2_d2,din4,-1.07894130000001,-1.18087455547322,False,N_din4_c2_d2
Cd_C_din3_c3,Cd,C,din3_c3,din3,0.738058699999995,0.503527206360746,False,C_din3_c3
Cd_N_din3,Cd,N,din3,din3,0.281058700000002,1.64597789382455,False,N_din3
Co_N_din4_c2_s2,Co,N,din4_c2_s2,din4,-2.97856050000006,-2.54746858706279,False,N_din4_c2_s2
Co_N_rol1_din2_c1_a,Co,N,rol1_din2_c1_a,rol1_din2,-0.350560500000014,0.142938884871901,False,N_rol1_din2_c1_a
Co_N_din4_c3,Co,N,din4_c3,din4,-2.10756049999996,-2.36656621143774,False,N_din4_c3
Co_N_din4,Co,N,din4,din4,-2.26756049999993,-2.08984848643413,False,N_din4
Co_N_din4_c2_s1,Co,N,din4_c2_s1,din4,-2.13756050000005,-2.39175074469955,False,N_din4_c2_s1
Co_N_rol3_c1,Co,N,rol3_c1,rol3,-2.23856050000005,-1.94563192595104,False,N_rol3_c1
Co_N_rol1_din2_c2_s2,Co,N,rol1_din2_c2_s2,rol1_din2,-0.537560499999912,-0.074352052504401,False,N_rol1_din2_c2_s2
Co_N_din3,Co,N,din3,din3,0.480439500000004,0.593649507488939,False,N_din3
Co_N_din4_c1,Co,N,din4_c1,din4,-2.58856050000007,-2.40039091781898,False,N_din4_c1
Co_N_rol2_din2_c2_s2,Co,N,rol2_din2_c2_s2,rol2_din2,-3.6105605,-3.91276897620011,False,N_rol2_din2_c2_s2
Co_N_rol2_din2_c2_s3,Co,N,rol2_din2_c2_s3,rol2_din2,-1.75756049999994,-1.5768898516069,False,N_rol2_din2_c2_s3
Co_C_din3_c3,Co,C,din3_c3,din3,-2.16656050000004,-1.48441231444552,False,C_din3_c3
Co_N_din3_c1,Co,N,din3_c1,din3,-0.352560499999966,0.163038688090313,False,N_din3_c1
Co_N_din3_c2,Co,N,din3_c2,din3,-0.538560500000002,-0.060679989678898,False,N_din3_c2
Co_N_din4_c2_d2,Co,N,din4_c2_d2,din4,-2.73956050000002,-2.50533440943638,False,N_din4_c2_d2
Co_N_rol1_din2_c2_s1,Co,N,rol1_din2_c2_s1,rol1_din2,-0.543560499999997,-0.080989080512167,False,N_rol1_din2_c2_s1
Co_C_rol2_din2_c4,Co,C,rol2_din2_c4,rol2_din2,-4.26556049999998,-4.69082029875938,False,C_rol2_din2_c4
Co_N_din4_c2_d1,Co,N,din4_c2_d1,din4,-2.73956050000002,-2.53245269802726,False,N_din4_c2_d1
Co_C_rol3_c3,Co,C,rol3_c3,rol3,-4.0195605,-3.36744229119872,False,C_rol3_c3
Co_N_rol2_din2_c3_a,Co,N,rol2_din2_c3_a,rol2_din2,-4.27756050000003,-4.66499073029613,False,N_rol2_din2_c3_a
Co_N_rol3,Co,N,rol3,rol3,-1.85656049999999,-1.63685735748425,False,N_rol3
Co_N_rol2_din2_c2_d1,Co,N,rol2_din2_c2_d1,rol2_din2,-3.26056049999998,-3.78227785830349,False,N_rol2_din2_c2_d1
Co_N_rol3_c2,Co,N,rol3_c2,rol3,-3.20056050000004,-2.62783327784615,False,N_rol3_c2
Co_N_rol2_din2_c3_b,Co,N,rol2_din2_c3_b,rol2_din2,-4.11456050000002,-4.63133135103188,False,N_rol2_din2_c3_b
Co_N_rol2_din2_a,Co,N,rol2_din2_a,rol2_din2,-2.98956050000002,-3.18769632818187,False,N_rol2_din2_a
Co_N_rol2_din2_b,Co,N,rol2_din2_b,rol2_din2,-2.72656049999999,-3.08934051270306,False,N_rol2_din2_b
Co_C_din4_c4,Co,C,din4_c4,din4,-0.387560500000048,-1.02259875629302,False,C_din4_c4
Co_C_rol1_din2_c3,Co,C,rol1_din2_c3,rol1_din2,-2.16756050000002,-1.44180890273871,False,C_rol1_din2_c3
Co_N_rol2_din2,Co,N,rol2_din2,rol2_din2,-2.18856049999998,-2.62417092839611,False,N_rol2_din2
Co_N_rol2_din2_c2_s1,Co,N,rol2_din2_c2_s1,rol2_din2,-3.8895605,-4.03523674590595,False,N_rol2_din2_c2_s1
Cu_N_din4,Cu,N,din4,din4,-1.33141174999992,-1.63446817344801,False,N_din4
Cu_N_rol2_din2_c2_s3,Cu,N,rol2_din2_c2_s3,rol2_din2,-0.281411749999963,-1.43455954195446,False,N_rol2_din2_c2_s3
Cu_N_rol3_c2,Cu,N,rol3_c2,rol3,-2.03341175000003,-2.17577449317834,False,N_rol3_c2
Cu_C_rol1_din2_c3,Cu,C,rol1_din2_c3,rol1_din2,0.326588249999984,0.150652530667803,False,C_rol1_din2_c3
Cu_N_rol2_din2_a,Cu,N,rol2_din2_a,rol2_din2,-2.67441174999999,-3.16811770161737,False,N_rol2_din2_a
Cu_N_rol2_din2_b,Cu,N,rol2_din2_b,rol2_din2,-2.32241175000002,-2.93118102275015,False,N_rol2_din2_b
Cu_N_rol3_c1,Cu,N,rol3_c1,rol3,-1.61841175000007,-1.92980696353126,False,N_rol3_c1
Cu_N_din4_c2_d1,Cu,N,din4_c2_d1,din4,-2.49241174999998,-2.15219559520985,False,N_din4_c2_d1
Cu_C_din4_c4,Cu,C,din4_c4,din4,-1.05441174999999,-0.67034067561553,False,C_din4_c4
Cu_N_rol2_din2,Cu,N,rol2_din2,rol2_din2,-2.24341174999995,-2.55887793371656,False,N_rol2_din2
Cu_N_din4_c2_d2,Cu,N,din4_c2_d2,din4,-2.49241174999998,-2.12415283524948,False,N_din4_c2_d2
Cu_N_din4_c2_s1,Cu,N,din4_c2_s1,din4,-2.07041175000006,-2.04019721574936,False,N_din4_c2_s1
Cu_N_rol2_din2_c2_s1,Cu,N,rol2_din2_c2_s1,rol2_din2,-3.71541175000005,-3.94600969905323,False,N_rol2_din2_c2_s1
Cu_N_rol2_din2_c2_s2,Cu,N,rol2_din2_c2_s2,rol2_din2,-3.25941174999991,-3.84552854708883,False,N_rol2_din2_c2_s2
Cu_C_rol2_din2_c4,Cu,C,rol2_din2_c4,rol2_din2,-4.62741174999997,-4.79150824377099,False,C_rol2_din2_c4
Cu_N_rol2_din2_c2_d1,Cu,N,rol2_din2_c2_d1,rol2_din2,-2.78541174999998,-3.75890054957713,False,N_rol2_din2_c2_d1
Cu_N_din4_c1,Cu,N,din4_c1,din4,-1.93841175,-1.99051649526639,False,N_din4_c1
Cu_C_din3_c3,Cu,C,din3_c3,din3,0.315588250000017,0.177569327672997,False,C_din3_c3
Cu_N_din4_c3,Cu,N,din4_c3,din4,-2.58641174999991,-1.96575223829754,False,N_din4_c3
Cu_N_rol3,Cu,N,rol3,rol3,-1.53341174999992,-1.7931362200672,False,N_rol3
Cu_C_rol3_c3,Cu,C,rol3_c3,rol3,-2.14941175000001,-2.40984941424664,False,C_rol3_c3
Cu_N_din4_c2_s2,Cu,N,din4_c2_s2,din4,-2.90341175000003,-2.18005841235281,False,N_din4_c2_s2
Cu_N_din3_c1,Cu,N,din3_c1,din3,0.541588250000016,0.166603314896853,False,N_din3_c1
Cu_N_rol1_din2_c1_a,Cu,N,rol1_din2_c1_a,rol1_din2,0.543588250000083,0.143932398262738,False,N_rol1_din2_c1_a
Fe_C_rol3_c3,Fe,C,rol3_c3,rol3,-4.06128250000004,-3.30103813555796,False,C_rol3_c3
Fe_N_rol2_din2_c2_d1,Fe,N,rol2_din2_c2_d1,rol2_din2,-3.54128250000006,-3.73279377481377,False,N_rol2_din2_c2_d1
Fe_N_din4_c2_s2,Fe,N,din4_c2_s2,din4,-2.85328249999996,-2.31652395721644,False,N_din4_c2_s2
Fe_N_rol2_din2_b,Fe,N,rol2_din2_b,rol2_din2,-3.01128249999997,-3.11420951530814,False,N_rol2_din2_b
Fe_N_rol3_c2,Fe,N,rol3_c2,rol3,-3.31428249999997,-2.62407009344412,False,N_rol3_c2
Fe_N_din4_c2_d2,Fe,N,din4_c2_d2,din4,-2.58128250000002,-2.26286305139379,False,N_din4_c2_d2
Fe_N_rol2_din2_c3_b,Fe,N,rol2_din2_c3_b,rol2_din2,-4.5772825,-4.4804148533732,False,N_rol2_din2_c3_b
Fe_N_rol2_din2,Fe,N,rol2_din2,rol2_din2,-2.63728249999995,-2.60014226860621,False,N_rol2_din2
Fe_N_rol3_c1,Fe,N,rol3_c1,rol3,-2.47228249999998,-2.06742725794603,False,N_rol3_c1
Fe_N_rol2_din2_c2_s1,Fe,N,rol2_din2_c2_s1,rol2_din2,-4.21328250000008,-3.98023189645651,False,N_rol2_din2_c2_s1
Fe_N_din3_c1,Fe,N,din3_c1,din3,-0.24128249999999,0.167974187483526,False,N_din3_c1
Fe_N_rol1_din2_c2_s2,Fe,N,rol1_din2_c2_s2,rol1_din2,-0.553282500000002,0.03187789952546,False,N_rol1_din2_c2_s2
Fe_N_din4,Fe,N,din4,din4,-2.17628249999994,-1.8771922897075,False,N_din4
Fe_C_rol1_din2_c3,Fe,C,rol1_din2_c3,rol1_din2,-2.01328250000004,-1.37288677383384,False,C_rol1_din2_c3
Fe_N_rol2_din2_c3_a,Fe,N,rol2_din2_c3_a,rol2_din2,-4.77328250000003,-4.53857022198656,False,N_rol2_din2_c3_a
Fe_N_din4_c2_d1,Fe,N,din4_c2_d1,din4,-2.58128250000002,-2.304672859162,False,N_din4_c2_d1
Fe_C_din4_c4,Fe,C,din4_c4,din4,-0.823282499999984,-0.86535838763037,False,C_din4_c4
Fe_N_rol3,Fe,N,rol3,rol3,-2.20628250000002,-1.80802221167046,False,N_rol3
Fe_N_din4_c3,Fe,N,din4_c3,din4,-2.21328249999997,-2.11238185395397,False,N_din4_c3
Fe_C_rol2_din2_c4,Fe,C,rol2_din2_c4,rol2_din2,-4.89728250000005,-4.64983852631048,False,C_rol2_din2_c4
Fe_N_din3,Fe,N,din3,din3,0.55071750000004,0.529508373078285,False,N_din3
Fe_N_rol2_din2_c2_s2,Fe,N,rol2_din2_c2_s2,rol2_din2,-3.88928250000001,-3.85878044771692,False,N_rol2_din2_c2_s2
Fe_N_din4_c2_s1,Fe,N,din4_c2_s1,din4,-2.00728249999995,-2.13993227801102,False,N_din4_c2_s1
Fe_N_rol2_din2_a,Fe,N,rol2_din2_a,rol2_din2,-3.33328250000009,-3.25829600188074,False,N_rol2_din2_a
Fe_C_din3_c3,Fe,C,din3_c3,din3,-2.01228250000006,-1.34792125778124,False,C_din3_c3
Fe_N_rol1_din2_c1_a,Fe,N,rol1_din2_c1_a,rol1_din2,-0.239282499999923,0.12333061134008,False,N_rol1_din2_c1_a
Fe_N_din3_c2,Fe,N,din3_c2,din3,-0.556282500000044,0.060933572249013,False,N_din3_c2
Fe_N_rol2_din2_c2_s3,Fe,N,rol2_din2_c2_s3,rol2_din2,-1.7452824999999,-1.43540537125377,False,N_rol2_din2_c2_s3
Fe_N_rol1_din2_c2_s1,Fe,N,rol1_din2_c2_s1,rol1_din2,-0.558282499999997,0.062323921167945,False,N_rol1_din2_c2_s1
Fe_N_din4_c1,Fe,N,din4_c1,din4,-2.39328250000003,-2.15919451597417,False,N_din4_c1
Ir_C_din3_c3,Ir,C,din3_c3,din3,-1.33791625000002,-1.0866990326938,False,C_din3_c3
Ir_N_din4,Ir,N,din4,din4,-0.51891624999995,-1.21356897056027,False,N_din4
Ir_N_din3_c2,Ir,N,din3_c2,din3,0.801083749999986,0.860657718795954,False,N_din3_c2
Ir_N_rol2_din2_b,Ir,N,rol2_din2_b,rol2_din2,-2.86591625000004,-2.79277505651754,False,N_rol2_din2_b
Ir_N_rol2_din2,Ir,N,rol2_din2,rol2_din2,-1.92091624999999,-2.24807354581227,False,N_rol2_din2
Ir_C_din4_c4,Ir,C,din4_c4,din4,0.839083749999997,-0.631860782810263,False,C_din4_c4
Ir_N_din4_c2_s2,Ir,N,din4_c2_s2,din4,-1.48691625000003,-1.88752470527641,False,N_din4_c2_s2
Ir_N_rol3,Ir,N,rol3,rol3,0.93508375,-0.106376378046199,False,N_rol3
Ir_N_rol3_c1,Ir,N,rol3_c1,rol3,-0.583916250000005,-0.876966812325141,False,N_rol3_c1
Ir_N_rol3_c2,Ir,N,rol3_c2,rol3,-2.35391624999999,-2.14967160834426,False,N_rol3_c2
Ir_N_din4_c2_d1,Ir,N,din4_c2_d1,din4,-1.55691625000008,-1.86586871699621,False,N_din4_c2_d1
Ir_N_din4_c2_s1,Ir,N,din4_c2_s1,din4,-0.722916250000015,-1.68904193709529,False,N_din4_c2_s1
Ir_N_rol2_din2_a,Ir,N,rol2_din2_a,rol2_din2,-2.91091625,-2.83293630256687,False,N_rol2_din2_a
Ir_N_rol2_din2_c2_s1,Ir,N,rol2_din2_c2_s1,rol2_din2,-3.89691625000011,-3.87857947479439,False,N_rol2_din2_c2_s1
Ir_C_rol1_din2_c3,Ir,C,rol1_din2_c3,rol1_din2,-1.33791625000002,-1.09484317003427,False,C_rol1_din2_c3
Ir_N_rol2_din2_c3_a,Ir,N,rol2_din2_c3_a,rol2_din2,-4.53591625,-4.61526349162641,False,N_rol2_din2_c3_a
Ir_C_rol2_din2_c4,Ir,C,rol2_din2_c4,rol2_din2,-4.63791624999998,-4.68899027600829,False,C_rol2_din2_c4
Ir_N_rol2_din2_c2_s2,Ir,N,rol2_din2_c2_s2,rol2_din2,-3.73191624999992,-3.76677124800088,False,N_rol2_din2_c2_s2
Ir_N_din3_c1,Ir,N,din3_c1,din3,1.87508375000006,1.21881201715358,False,N_din3_c1
Ir_N_rol2_din2_c3_b,Ir,N,rol2_din2_c3_b,rol2_din2,-4.17991625000001,-4.4816566092668,False,N_rol2_din2_c3_b
Ir_N_din4_c1,Ir,N,din4_c1,din4,-1.00191625000001,-1.60482734817864,False,N_din4_c1
Ir_N_din4_c2_d2,Ir,N,din4_c2_d2,din4,-1.55691625000008,-1.85363957544545,False,N_din4_c2_d2
Ir_N_rol2_din2_c2_s3,Ir,N,rol2_din2_c2_s3,rol2_din2,-0.507916249999983,-1.22902828749696,False,N_rol2_din2_c2_s3
Ir_C_rol3_c3,Ir,C,rol3_c3,rol3,-3.70291625000003,-3.30462807837624,False,C_rol3_c3
Ir_N_rol2_din2_c2_d1,Ir,N,rol2_din2_c2_d1,rol2_din2,-3.20891625,-3.56804821768572,False,N_rol2_din2_c2_d1
Ir_N_rol1_din2_c2_s1,Ir,N,rol1_din2_c2_s1,rol1_din2,0.798083750000057,0.869273704773527,False,N_rol1_din2_c2_s1
Ir_N_rol1_din2_c1_a,Ir,N,rol1_din2_c1_a,rol1_din2,1.87508375000006,1.14032656808789,False,N_rol1_din2_c1_a
Ir_N_din4_c3,Ir,N,din4_c3,din4,-0.386916250000002,-1.78324903530779,False,N_din4_c3
Ir_N_rol1_din2_c2_s2,Ir,N,rol1_din2_c2_s2,rol1_din2,0.803083750000052,0.872338983680614,False,N_rol1_din2_c2_s2
Ni_N_din3,Ni,N,din3,din3,0.614788749999981,0.430929319502295,False,N_din3
Ni_N_rol1_din2,Ni,N,rol1_din2,rol1_din2,1.29478874999993,0.560602537496491,False,N_rol1_din2
Ni_N_din4,Ni,N,din4,din4,-2.58121124999993,-1.89024455174647,False,N_din4
Ni_C_rol2_din2_c4,Ni,C,rol2_din2_c4,rol2_din2,-4.64421125000003,-4.50499901165631,False,C_rol2_din2_c4
Ni_N_din4_c2_s1,Ni,N,din4_c2_s1,din4,-2.88721124999997,-2.08026174042224,False,N_din4_c2_s1
Ni_N_rol1_din2_c1_b,Ni,N,rol1_din2_c1_b,rol1_din2,1.04378874999995,0.405237167440492,False,N_rol1_din2_c1_b
Ni_N_din3_c1,Ni,N,din3_c1,din3,-0.036211249999973,-0.036790881543106,False,N_din3_c1
Ni_N_rol2_din2_c2_s3,Ni,N,rol2_din2_c2_s3,rol2_din2,-0.536211249999973,-1.71530620018778,False,N_rol2_din2_c2_s3
Ni_C_din4_c4,Ni,C,din4_c4,din4,-1.17421125000001,-0.797231978984523,False,C_din4_c4
Ni_N_din4_c3,Ni,N,din4_c3,din4,-2.77721124999996,-2.07706158806867,False,N_din4_c3
Ni_N_rol3,Ni,N,rol3,rol3,-1.80021124999998,-1.89503057098406,False,N_rol3
Ni_N_rol2_din2_b,Ni,N,rol2_din2_b,rol2_din2,-3.00121125,-2.91067088188101,False,N_rol2_din2_b
Ni_N_rol3_c1,Ni,N,rol3_c1,rol3,-2.09921125000007,-2.10326650694928,False,N_rol3_c1
Ni_N_rol2_din2_a,Ni,N,rol2_din2_a,rol2_din2,-3.22921125000007,-3.0703893940605,False,N_rol2_din2_a
Ni_N_din4_c2_s2,Ni,N,din4_c2_s2,din4,-3.63221124999998,-2.23512192571649,False,N_din4_c2_s2
Ni_N_din3_c2,Ni,N,din3_c2,din3,-0.140211250000014,-0.307471407460268,False,N_din3_c2
Ni_N_rol2_din2_c3_a,Ni,N,rol2_din2_c3_a,rol2_din2,-4.65421125000002,-4.43922641743047,False,N_rol2_din2_c3_a
Ni_N_din4_c2_d1,Ni,N,din4_c2_d1,din4,-3.39221124999997,-2.22184544538915,False,N_din4_c2_d1
Ni_N_rol2_din2_c3_b,Ni,N,rol2_din2_c3_b,rol2_din2,-4.46921124999997,-4.32748110511316,False,N_rol2_din2_c3_b
Ni_C_rol1_din2_c3,Ni,C,rol1_din2_c3,rol1_din2,-1.57021124999996,-1.76449391648225,False,C_rol1_din2_c3
Ni_N_din4_c2_d2,Ni,N,din4_c2_d2,din4,-3.39221124999997,-2.19402463368521,False,N_din4_c2_d2
Ni_N_rol1_din2_c2_s1,Ni,N,rol1_din2_c2_s1,rol1_din2,-0.14421124999992,-0.340545646571587,False,N_rol1_din2_c2_s1
Ni_N_din4_c1,Ni,N,din4_c1,din4,-3.10621125000002,-2.05961117807589,False,N_din4_c1
Ni_N_rol3_c2,Ni,N,rol3_c2,rol3,-3.01121125,-2.7633951841518,False,N_rol3_c2
Ni_C_din3_c3,Ni,C,din3_c3,din3,-1.56821125000001,-1.74774857310582,False,C_din3_c3
Ni_C_rol3_c3,Ni,C,rol3_c3,rol3,-3.41421125000002,-3.54857943371864,False,C_rol3_c3
Ni_N_rol1_din2_c1_a,Ni,N,rol1_din2_c1_a,rol1_din2,-0.035211249999996,-0.072179074543342,False,N_rol1_din2_c1_a
Ni_N_rol2_din2,Ni,N,rol2_din2,rol2_din2,-2.37821124999996,-2.51699740062451,False,N_rol2_din2
Ni_N_rol2_din2_c2_d1,Ni,N,rol2_din2_c2_d1,rol2_din2,-3.57521125000007,-3.66254055265818,False,N_rol2_din2_c2_d1
Ni_N_rol1_din2_c2_s2,Ni,N,rol1_din2_c2_s2,rol1_din2,-0.137211249999972,-0.321911258944919,False,N_rol1_din2_c2_s2
Ni_N_rol2_din2_c2_s2,Ni,N,rol2_din2_c2_s2,rol2_din2,-3.96921124999997,-3.77621931208781,False,N_rol2_din2_c2_s2
Ni_N_rol2_din2_c2_s1,Ni,N,rol2_din2_c2_s1,rol2_din2,-4.21721125000001,-3.91392513002972,False,N_rol2_din2_c2_s1
Os_N_rol2_din2_b,Os,N,rol2_din2_b,rol2_din2,-1.57062199999997,-2.63087658737166,False,N_rol2_din2_b
Os_N_rol2_din2_a,Os,N,rol2_din2_a,rol2_din2,-1.64662199999999,-2.66727641482772,False,N_rol2_din2_a
Os_N_din4_c1,Os,N,din4_c1,din4,0.310378000000004,-0.960566398095499,False,N_din4_c1
Os_C_din3_c3,Os,C,din3_c3,din3,-0.679622000000006,-1.08007500030337,False,C_din3_c3
Os_N_din4_c2_d2,Os,N,din4_c2_d2,din4,-0.74462200000006,-1.12934089234733,False,N_din4_c2_d2
Os_N_rol1_din2_c2_s1,Os,N,rol1_din2_c2_s1,rol1_din2,1.37637800000003,0.692865251567018,False,N_rol1_din2_c2_s1
Os_N_din4_c2_s2,Os,N,din4_c2_s2,din4,-0.509622000000046,-1.13127102967888,False,N_din4_c2_s2
Os_C_rol2_din2_c4,Os,C,rol2_din2_c4,rol2_din2,-3.56262200000004,-4.29576030782665,False,C_rol2_din2_c4
Os_N_din3_c2,Os,N,din3_c2,din3,1.38037799999994,0.70326903023753,False,N_din3_c2
Os_N_rol2_din2,Os,N,rol2_din2,rol2_din2,-0.829621999999983,-2.08874572437268,False,N_rol2_din2
Os_C_rol1_din2_c3,Os,C,rol1_din2_c3,rol1_din2,-0.680621999999982,-0.986582146811383,False,C_rol1_din2_c3
Os_N_rol2_din2_c3_a,Os,N,rol2_din2_c3_a,rol2_din2,-3.381622,-4.00492164994738,False,N_rol2_din2_c3_a
Os_N_rol2_din2_c2_s3,Os,N,rol2_din2_c2_s3,rol2_din2,0.194378000000018,-0.679942508155257,False,N_rol2_din2_c2_s3
Os_N_rol3,Os,N,rol3,rol3,1.08737800000005,0.082716628501255,False,N_rol3
Os_N_din4_c3,Os,N,din4_c3,din4,-0.661621999999976,-0.923260428234487,False,N_din4_c3
Os_N_rol2_din2_c2_s2,Os,N,rol2_din2_c2_s2,rol2_din2,-2.47062199999995,-3.28055675553414,False,N_rol2_din2_c2_s2
Os_N_din3_c1,Os,N,din3_c1,din3,2.14537800000004,1.19512098387003,False,N_din3_c1
Os_N_rol3_c1,Os,N,rol3_c1,rol3,-0.34162200000004,-0.837576412895568,False,N_rol3_c1
Os_N_rol3_c2,Os,N,rol3_c2,rol3,-1.98862199999997,-2.05971419966068,False,N_rol3_c2
Os_N_rol2_din2_c2_s1,Os,N,rol2_din2_c2_s1,rol2_din2,-2.62162200000001,-3.49886294876192,False,N_rol2_din2_c2_s1
Os_N_rol2_din2_c2_d1,Os,N,rol2_din2_c2_d1,rol2_din2,-1.98162200000003,-3.09687987403948,False,N_rol2_din2_c2_d1
Os_N_din4,Os,N,din4,din4,0.904378000000054,-0.570555334054366,False,N_din4
Os_N_din4_c2_s1,Os,N,din4_c2_s1,din4,0.419378000000041,-0.922370453522936,False,N_din4_c2_s1
Os_C_rol3_c3,Os,C,rol3_c3,rol3,-3.50562200000003,-2.9695260361505,False,C_rol3_c3
Os_N_din3,Os,N,din3,din3,3.86537799999995,1.51851094379451,False,N_din3
Os_N_din4_c2_d1,Os,N,din4_c2_d1,din4,-0.745622000000036,-1.14878660232676,False,N_din4_c2_d1
Os_N_rol1_din2_c1_a,Os,N,rol1_din2_c1_a,rol1_din2,2.14637800000002,1.10639052040562,False,N_rol1_din2_c1_a
Os_N_rol1_din2_c2_s2,Os,N,rol1_din2_c2_s2,rol1_din2,1.38337799999998,0.683403621557811,False,N_rol1_din2_c2_s2
Os_C_din4_c4,Os,C,din4_c4,din4,-0.195621999999968,-0.141429811471137,False,C_din4_c4
Os_N_rol2_din2_c3_b,Os,N,rol2_din2_c3_b,rol2_din2,-3.08062199999996,-3.88137729513729,False,N_rol2_din2_c3_b
Pd_N_rol2_din2_a,Pd,N,rol2_din2_a,rol2_din2,-3.68749675000008,-3.24344388783383,False,N_rol2_din2_a
Pd_N_din4,Pd,N,din4,din4,-1.66949674999994,-1.89012886899008,False,N_din4
Pd_N_din3_c2,Pd,N,din3_c2,din3,0.703503249999992,-0.073838020683619,False,N_din3_c2
Pd_N_rol1_din2_c2_s2,Pd,N,rol1_din2_c2_s2,rol1_din2,0.703503249999992,-0.058214476135983,False,N_rol1_din2_c2_s2
Pd_N_rol1_din2_c1_b,Pd,N,rol1_din2_c1_b,rol1_din2,1.37450324999993,0.924558153871442,False,N_rol1_din2_c1_b
Pd_N_rol1_din2_c2_s1,Pd,N,rol1_din2_c2_s1,rol1_din2,0.700503250000063,-0.064109853645554,False,N_rol1_din2_c2_s1
Pd_N_rol2_din2_c2_s3,Pd,N,rol2_din2_c2_s3,rol2_din2,-0.834496749999905,-1.62221473323886,False,N_rol2_din2_c2_s3
Pd_C_din3_c3,Pd,C,din3_c3,din3,-1.06649674999999,-1.49834713349111,False,C_din3_c3
Pd_C_rol3_c3,Pd,C,rol3_c3,rol3,-2.97849675000002,-3.53948265204896,False,C_rol3_c3
Pd_N_din4_c2_s1,Pd,N,din4_c2_s1,din4,-1.93849675000006,-2.11633786921628,False,N_din4_c2_s1
Pd_C_rol2_din2_c4,Pd,C,rol2_din2_c4,rol2_din2,-4.87049674999996,-4.61776899588849,False,C_rol2_din2_c4
Pd_N_din3,Pd,N,din3,din3,1.79150324999996,0.696592850508274,False,N_din3
Pd_N_rol2_din2,Pd,N,rol2_din2,rol2_din2,-2.76849674999999,-2.6598491543992,False,N_rol2_din2
Pd_N_rol3,Pd,N,rol3,rol3,0.101503250000016,-1.44733321049986,False,N_rol3
Pd_N_din3_c1,Pd,N,din3_c1,din3,0.64250325000007,0.185867269233012,False,N_din3_c1
Pd_C_din4_c4,Pd,C,din4_c4,din4,0.013503249999937,-0.86747121643266,False,C_din4_c4
Pd_C_rol1_din2_c3,Pd,C,rol1_din2_c3,rol1_din2,-1.06949675000003,-1.46005224331631,False,C_rol1_din2_c3
Pd_N_rol2_din2_c2_s1,Pd,N,rol2_din2_c2_s1,rol2_din2,-4.66649675000001,-4.13296359422444,False,N_rol2_din2_c2_s1
Pd_N_din4_c2_d2,Pd,N,din4_c2_d2,din4,-2.41649675000001,-2.2287734429467,False,N_din4_c2_d2
Pd_N_rol2_din2_b,Pd,N,rol2_din2_b,rol2_din2,-3.39449675000008,-3.19275839822439,False,N_rol2_din2_b
Pd_N_din4_c3,Pd,N,din4_c3,din4,-1.6374967499999,-2.08942713841674,False,N_din4_c3
Pd_N_din4_c2_d1,Pd,N,din4_c2_d1,din4,-2.41649675000001,-2.24382527692181,False,N_din4_c2_d1
Pd_N_rol2_din2_c2_s2,Pd,N,rol2_din2_c2_s2,rol2_din2,-4.39449674999996,-4.0296959488456,False,N_rol2_din2_c2_s2
Pd_N_din4_c2_s2,Pd,N,din4_c2_s2,din4,-2.71449675000001,-2.24118490402332,False,N_din4_c2_s2
Pd_N_rol2_din2_c3_b,Pd,N,rol2_din2_c3_b,rol2_din2,-4.83749674999995,-4.55475620263311,False,N_rol2_din2_c3_b
Pd_N_rol2_din2_c3_a,Pd,N,rol2_din2_c3_a,rol2_din2,-4.93349674999995,-4.62181966716819,False,N_rol2_din2_c3_a
Pd_N_rol3_c2,Pd,N,rol3_c2,rol3,-1.86349675000002,-2.6751060473862,False,N_rol3_c2
Pd_N_din4_c1,Pd,N,din4_c1,din4,-2.19249675000008,-2.12680175870166,False,N_din4_c1
Pd_N_rol3_c1,Pd,N,rol3_c1,rol3,-0.750496750000073,-1.94988748498346,False,N_rol3_c1
Pd_N_rol1_din2_c1_a,Pd,N,rol1_din2_c1_a,rol1_din2,0.644503250000023,0.1181598244056,False,N_rol1_din2_c1_a
Pd_N_rol1_din2,Pd,N,rol1_din2,rol1_din2,2.00150324999999,0.861589238303339,False,N_rol1_din2
Pd_N_rol2_din2_c2_d1,Pd,N,rol2_din2_c2_d1,rol2_din2,-3.95049675,-3.8353734688791,False,N_rol2_din2_c2_d1
Pt_N_din4_c2_d2,Pt,N,din4_c2_d2,din4,-2.70848150000005,-1.53211112141711,False,N_din4_c2_d2
Pt_N_din4_c1,Pt,N,din4_c1,din4,-2.35648150000007,-1.42145646342678,False,N_din4_c1
Pt_C_din3_c3,Pt,C,din3_c3,din3,-1.12748150000003,-1.35261770021218,False,C_din3_c3
Pt_C_rol3_c3,Pt,C,rol3_c3,rol3,-3.44648149999999,-3.21180191251272,False,C_rol3_c3
Pt_C_rol2_din2_c4,Pt,C,rol2_din2_c4,rol2_din2,-5.96548149999999,-4.58598938859427,False,C_rol2_din2_c4
Pt_N_din4_c2_s2,Pt,N,din4_c2_s2,din4,-3.06248149999997,-1.56018416295431,False,N_din4_c2_s2
Pt_N_rol2_din2_a,Pt,N,rol2_din2_a,rol2_din2,-3.98348150000002,-2.95647078788181,False,N_rol2_din2_a
Pt_N_din3_c2,Pt,N,din3_c2,din3,1.04851850000002,0.692480927140773,False,N_din3_c2
Pt_N_rol3_c1,Pt,N,rol3_c1,rol3,-0.476481500000075,-0.878108621281074,False,N_rol3_c1
Pt_N_rol1_din2_c2_s1,Pt,N,rol1_din2_c2_s1,rol1_din2,1.04351850000002,0.640494605719016,False,N_rol1_din2_c2_s1
Pt_N_rol1_din2_c2_s2,Pt,N,rol1_din2_c2_s2,rol1_din2,1.04751850000004,0.63777158129929,False,N_rol1_din2_c2_s2
Pt_N_rol2_din2_c2_s1,Pt,N,rol2_din2_c2_s1,rol2_din2,-5.26748150000002,-3.91046546121232,False,N_rol2_din2_c2_s1
Pt_N_rol3_c2,Pt,N,rol3_c2,rol3,-1.92148150000001,-2.20850096620733,False,N_rol3_c2
Pt_C_rol1_din2_c3,Pt,C,rol1_din2_c3,rol1_din2,-1.12948149999998,-1.32468170389579,False,C_rol1_din2_c3
Pt_N_rol2_din2_c2_d1,Pt,N,rol2_din2_c2_d1,rol2_din2,-4.51148150000004,-3.61263679827502,False,N_rol2_din2_c2_d1
Pt_C_din4_c4,Pt,C,din4_c4,din4,-0.914481500000063,-0.440738001781628,False,C_din4_c4
Pt_N_rol2_din2_c3_b,Pt,N,rol2_din2_c3_b,rol2_din2,-5.70248149999996,-4.42845538677827,False,N_rol2_din2_c3_b
Pt_N_din4,Pt,N,din4,din4,-1.75348149999989,-1.05317301323568,False,N_din4
Pt_N_rol3,Pt,N,rol3,rol3,0.844518500000065,-0.049288942480297,False,N_rol3
Pt_N_din3_c1,Pt,N,din3_c1,din3,1.56051850000007,1.04896127327204,False,N_din3_c1
Pt_N_rol2_din2_c2_s2,Pt,N,rol2_din2_c2_s2,rol2_din2,-5.03348149999998,-3.78111938546368,False,N_rol2_din2_c2_s2
Pt_N_rol1_din2_c1_a,Pt,N,rol1_din2_c1_a,rol1_din2,1.56051850000007,1.01343314393552,False,N_rol1_din2_c1_a
Pt_N_din4_c2_s1,Pt,N,din4_c2_s1,din4,-2.2534815,-1.36267127631222,False,N_din4_c2_s1
Pt_N_din4_c3,Pt,N,din4_c3,din4,-2.24548149999997,-1.24786666778972,False,N_din4_c3
Pt_N_rol2_din2,Pt,N,rol2_din2,rol2_din2,-2.86248150000004,-2.3475459582603,False,N_rol2_din2
Pt_N_rol2_din2_c3_a,Pt,N,rol2_din2_c3_a,rol2_din2,-5.76948149999997,-4.56618452522861,False,N_rol2_din2_c3_a
Pt_N_rol2_din2_b,Pt,N,rol2_din2_b,rol2_din2,-3.66848149999997,-2.84778801407636,False,N_rol2_din2_b
Pt_N_rol2_din2_c2_s3,Pt,N,rol2_din2_c2_s3,rol2_din2,-0.474481499999895,-1.07780450512974,False,N_rol2_din2_c2_s3
Pt_N_din4_c2_d1,Pt,N,din4_c2_d1,din4,-2.70848150000005,-1.54990801628878,False,N_din4_c2_d1
Rh_C_rol2_din2_c4,Rh,C,rol2_din2_c4,rol2_din2,-4.255178,-4.16584642931757,False,C_rol2_din2_c4
Rh_N_din4_c2_d1,Rh,N,din4_c2_d1,din4,-1.93417799999997,-1.32939019828067,False,N_din4_c2_d1
Rh_N_din4,Rh,N,din4,din4,-1.11817799999994,-0.507573207682842,False,N_din4
Rh_N_din4_c2_s1,Rh,N,din4_c2_s1,din4,-1.07017800000005,-1.1206773951499,False,N_din4_c2_s1
Rh_N_rol1_din2_c1_a,Rh,N,rol1_din2_c1_a,rol1_din2,0.574822000000046,1.12017210470577,False,N_rol1_din2_c1_a
Rh_N_rol2_din2,Rh,N,rol2_din2,rol2_din2,-2.38617799999997,-2.06077588130889,False,N_rol2_din2
Rh_C_rol1_din2_c3,Rh,C,rol1_din2_c3,rol1_din2,-1.971178,-1.14134709375389,False,C_rol1_din2_c3
Rh_N_rol2_din2_c2_s3,Rh,N,rol2_din2_c2_s3,rol2_din2,-0.952177999999997,-0.814917247892886,False,N_rol2_din2_c2_s3
Rh_N_din4_c3,Rh,N,din4_c3,din4,-0.938177999999987,-1.2279896304035,False,N_din4_c3
Rh_N_rol3_c1,Rh,N,rol3_c1,rol3,-1.28117800000006,-0.798237300947995,False,N_rol3_c1
Rh_N_rol2_din2_c2_s1,Rh,N,rol2_din2_c2_s1,rol2_din2,-3.93717800000001,-3.29741956271924,False,N_rol2_din2_c2_s1
Rh_N_rol3,Rh,N,rol3,rol3,-0.041177999999939,-0.110459067055769,False,N_rol3
Rh_N_rol2_din2_c3_a,Rh,N,rol2_din2_c3_a,rol2_din2,-4.31717800000001,-4.02658347428704,False,N_rol2_din2_c3_a
Rh_N_rol1_din2_c2_s1,Rh,N,rol1_din2_c2_s1,rol1_din2,-0.109177999999923,0.737182854635975,False,N_rol1_din2_c2_s1
Rh_N_din4_c2_s2,Rh,N,din4_c2_s2,din4,-1.92217800000002,-1.33163738970533,False,N_din4_c2_s2
Rh_N_din3_c1,Rh,N,din3_c1,din3,0.570822000000027,1.22092837694925,False,N_din3_c1
Rh_N_rol2_din2_c3_b,Rh,N,rol2_din2_c3_b,rol2_din2,-4.05017799999995,-3.83567831736823,False,N_rol2_din2_c3_b
Rh_N_rol3_c2,Rh,N,rol3_c2,rol3,-2.81817799999998,-2.0035247332636,False,N_rol3_c2
Rh_C_rol3_c3,Rh,C,rol3_c3,rol3,-3.96117800000001,-3.1592839456375,False,C_rol3_c3
Rh_N_din3_c2,Rh,N,din3_c2,din3,-0.105178000000017,0.748628616289591,False,N_din3_c2
Rh_N_rol2_din2_c2_d1,Rh,N,rol2_din2_c2_d1,rol2_din2,-3.25217800000007,-2.95937602697068,False,N_rol2_din2_c2_d1
Rh_N_rol2_din2_a,Rh,N,rol2_din2_a,rol2_din2,-3.096178,-2.62890619389907,False,N_rol2_din2_a
Rh_N_din4_c2_d2,Rh,N,din4_c2_d2,din4,-1.93417799999997,-1.31256832338265,False,N_din4_c2_d2
Rh_N_rol2_din2_b,Rh,N,rol2_din2_b,rol2_din2,-3.07517800000004,-2.54112451642819,False,N_rol2_din2_b
Rh_N_rol1_din2_c2_s2,Rh,N,rol1_din2_c2_s2,rol1_din2,-0.105178000000017,0.751979044817181,False,N_rol1_din2_c2_s2
Rh_N_rol2_din2_c2_s2,Rh,N,rol2_din2_c2_s2,rol2_din2,-3.71117800000001,-3.1496386785774,False,N_rol2_din2_c2_s2
Rh_N_din4_c1,Rh,N,din4_c1,din4,-1.46117800000001,-0.946028824056498,False,N_din4_c1
Rh_C_din3_c3,Rh,C,din3_c3,din3,-1.97017800000003,-1.17249788938311,False,C_din3_c3
Rh_C_din4_c4,Rh,C,din4_c4,din4,-0.634178000000014,-0.598789862564879,False,C_din4_c4
Ru_N_rol2_din2_c2_s3,Ru,N,rol2_din2_c2_s3,rol2_din2,-0.358533499999936,-1.09434619268478,False,N_rol2_din2_c2_s3
Ru_C_rol3_c3,Ru,C,rol3_c3,rol3,-3.71353350000007,-3.37473118314896,False,C_rol3_c3
Ru_C_rol1_din2_c3,Ru,C,rol1_din2_c3,rol1_din2,-1.57553350000003,-1.34387763269961,False,C_rol1_din2_c3
Ru_N_rol2_din2_a,Ru,N,rol2_din2_a,rol2_din2,-2.32253349999999,-3.0325830336645,False,N_rol2_din2_a
Ru_N_din4_c2_s2,Ru,N,din4_c2_s2,din4,-1.08453350000005,-1.69107774603022,False,N_din4_c2_s2
Ru_N_din4_c2_d1,Ru,N,din4_c2_d1,din4,-1.47453350000004,-1.69421160629807,False,N_din4_c2_d1
Ru_N_din4_c2_d2,Ru,N,din4_c2_d2,din4,-1.47453350000004,-1.61654722718406,False,N_din4_c2_d2
Ru_N_rol2_din2_c3_a,Ru,N,rol2_din2_c3_a,rol2_din2,-3.57953350000005,-4.50785960004967,False,N_rol2_din2_c3_a
Ru_N_din3_c2,Ru,N,din3_c2,din3,0.317466499999995,0.550743799848446,False,N_din3_c2
Ru_C_din4_c4,Ru,C,din4_c4,din4,-0.598533500000059,-0.367208143174072,False,C_din4_c4
Ru_N_rol2_din2_b,Ru,N,rol2_din2_b,rol2_din2,-2.20553350000003,-3.01527208890709,False,N_rol2_din2_b
Ru_N_rol2_din2_c3_b,Ru,N,rol2_din2_c3_b,rol2_din2,-3.30753350000001,-4.35899474995157,False,N_rol2_din2_c3_b
Ru_N_din4_c1,Ru,N,din4_c1,din4,-0.401533500000056,-1.45779115011402,False,N_din4_c1
Ru_N_rol1_din2_c1_b,Ru,N,rol1_din2_c1_b,rol1_din2,2.57546649999992,1.39612969653763,False,N_rol1_din2_c1_b
Ru_N_rol1_din2_c2_s2,Ru,N,rol1_din2_c2_s2,rol1_din2,0.321466500000014,0.543870252643741,False,N_rol1_din2_c2_s2
Ru_N_rol1_din2_c2_s1,Ru,N,rol1_din2_c2_s1,rol1_din2,0.315466500000042,0.544673841387234,False,N_rol1_din2_c2_s1
Ru_N_rol2_din2_c2_s1,Ru,N,rol2_din2_c2_s1,rol2_din2,-3.07353350000008,-3.97346292868956,False,N_rol2_din2_c2_s1
Ru_N_din3,Ru,N,din3,din3,2.2644665,1.65604630606754,False,N_din3
Ru_N_din3_c1,Ru,N,din3_c1,din3,0.775466500000078,1.10724965156864,False,N_din3_c1
Ru_N_rol1_din2,Ru,N,rol1_din2,rol1_din2,3.08846649999995,1.51544463232755,False,N_rol1_din2
Ru_N_din4,Ru,N,din4,din4,0.055466500000051,-1.1415585771226,False,N_din4
Ru_N_rol3,Ru,N,rol3,rol3,-0.069533499999949,0.221976031793296,False,N_rol3
Ru_N_rol1_din2_c1_a,Ru,N,rol1_din2_c1_a,rol1_din2,0.777466500000031,1.03464118892683,False,N_rol1_din2_c1_a
Ru_N_din4_c2_s1,Ru,N,din4_c2_s1,din4,-0.220533500000016,-1.44860047218505,False,N_din4_c2_s1
Ru_C_din3_c3,Ru,C,din3_c3,din3,-1.57453350000006,-1.34156539806178,False,C_din3_c3
Ru_N_rol2_din2,Ru,N,rol2_din2,rol2_din2,-1.68953349999995,-2.32598428962958,False,N_rol2_din2
Ru_C_rol2_din2_c4,Ru,C,rol2_din2_c4,rol2_din2,-3.53753350000002,-4.58794072594053,False,C_rol2_din2_c4
Ru_N_rol2_din2_c2_s2,Ru,N,rol2_din2_c2_s2,rol2_din2,-2.89053349999998,-3.83786943655399,False,N_rol2_din2_c2_s2
Ru_N_rol2_din2_c2_d1,Ru,N,rol2_din2_c2_d1,rol2_din2,-2.45053350000003,-3.6820297993295,False,N_rol2_din2_c2_d1
Ru_N_rol3_c2,Ru,N,rol3_c2,rol3,-2.63153349999996,-2.10807952515496,False,N_rol3_c2
Ru_N_rol3_c1,Ru,N,rol3_c1,rol3,-1.25653350000007,-0.752288115102885,False,N_rol3_c1
Ru_N_din4_c3,Ru,N,din4_c3,din4,-1.19853349999997,-1.36265417810849,False,N_din4_c3
Zn_N_rol3,Zn,N,rol3,rol3,-3.49875584999999,-1.37038906530222,False,N_rol3
Zn_N_rol2_din2_c2_s2,Zn,N,rol2_din2_c2_s2,rol2_din2,-3.66575585000002,-3.65213159306739,False,N_rol2_din2_c2_s2
Zn_N_din4_c2_d2,Zn,N,din4_c2_d2,din4,-2.49275585000001,-2.06409427168174,False,N_din4_c2_d2
Zn_C_rol3_c3,Zn,C,rol3_c3,rol3,-3.09075584999997,-2.16091550196767,False,C_rol3_c3
Zn_N_rol2_din2_c2_s1,Zn,N,rol2_din2_c2_s1,rol2_din2,-3.9987558500001,-3.87166546406476,False,N_rol2_din2_c2_s1
Zn_N_rol2_din2_b,Zn,N,rol2_din2_b,rol2_din2,-3.47175585000006,-2.86481876310908,False,N_rol2_din2_b
Zn_N_din4,Zn,N,din4,din4,-2.12175584999992,-1.54665833497355,False,N_din4
Zn_C_din4_c4,Zn,C,din4_c4,din4,-1.16775584999997,-0.531270799577028,False,C_din4_c4
Zn_N_rol2_din2,Zn,N,rol2_din2,rol2_din2,-3.69875585000003,-2.40693304543743,False,N_rol2_din2
Zn_N_rol2_din2_c2_s3,Zn,N,rol2_din2_c2_s3,rol2_din2,-1.70775584999993,-1.21179100473708,False,N_rol2_din2_c2_s3
Zn_N_rol2_din2_c2_d1,Zn,N,rol2_din2_c2_d1,rol2_din2,-3.84175585000006,-3.5001097048892,False,N_rol2_din2_c2_d1
Zn_N_din4_c2_s2,Zn,N,din4_c2_s2,din4,-2.19475585000001,-2.08272728601621,False,N_din4_c2_s2
Zn_C_din3_c3,Zn,C,din3_c3,din3,0.188244149999913,-0.115217815631746,False,C_din3_c3
Zn_N_rol1_din2_c1_a,Zn,N,rol1_din2_c1_a,rol1_din2,-0.553755849999935,0.310758994401323,False,N_rol1_din2_c1_a
Zn_N_din4_c1,Zn,N,din4_c1,din4,-2.04775585000008,-1.92418242533724,False,N_din4_c1
Zn_C_rol2_din2_c4,Zn,C,rol2_din2_c4,rol2_din2,-4.88075585000005,-4.66269259576142,False,C_rol2_din2_c4
Zn_N_din4_c2_s1,Zn,N,din4_c2_s1,din4,-1.29675584999999,-1.95672024983859,False,N_din4_c2_s1
Zn_N_din4_c3,Zn,N,din4_c3,din4,-1.84475584999999,-1.9749531865472,False,N_din4_c3
Zn_C_rol1_din2_c3,Zn,C,rol1_din2_c3,rol1_din2,0.183244150000031,-0.149696092602748,False,C_rol1_din2_c3
Zn_N_rol2_din2_a,Zn,N,rol2_din2_a,rol2_din2,-4.01275585,-3.05044734677458,False,N_rol2_din2_a
Zn_N_din3_c1,Zn,N,din3_c1,din3,-0.553755849999935,0.358546033839144,False,N_din3_c1
Zn_N_rol2_din2_c3_b,Zn,N,rol2_din2_c3_b,rol2_din2,-4.34275584999992,-4.58520244584423,False,N_rol2_din2_c3_b
Zn_N_rol3_c2,Zn,N,rol3_c2,rol3,-3.19375585000004,-1.87999258701318,False,N_rol3_c2
Zn_N_rol3_c1,Zn,N,rol3_c1,rol3,-3.23875584999999,-1.5635329079392,False,N_rol3_c1
Zn_N_din4_c2_d1,Zn,N,din4_c2_d1,din4,-2.49475585000008,-2.05941860429312,False,N_din4_c2_d1
Zn_N_din3,Zn,N,din3,din3,-0.112755850000018,0.77607448936335,False,N_din3
Zn_N_rol2_din2_c3_a,Zn,N,rol2_din2_c3_a,rol2_din2,-4.34475584999999,-4.66885890475411,False,N_rol2_din2_c3_a
