system_dacs,tot_energy_dacs,M1,M2,heteroatom_dacs,basic_cavity_dacs,cavity,cavity_v2,cavity_3,M1_cavity,cavity_4,M2_cavity,system_sacs_pristine,tot_energy_sacs_pristine,heteroatom_sacs_pristine,basic_cavity_sacs_pristine,Ecoh_m1,Ecoh_m2,E_dft_M1M2
Os_Fe_C_din4_x2_c6,-636.656,Os,Fe,C,din4,C_din4_x2_c6,C_din4_x2_c6,6,Os_C_din4_x2_c6,din4_x2,Fe_C_din4_x2_c6,C_din4_x2_c6,-613.178,C,din4,-11.839378,-8.6197175,-3.0189044999999517
Ru_Fe_C_din4_x2_c6,-635.29,Ru,Fe,C,din4,C_din4_x2_c6,C_din4_x2_c6,6,Ru_C_din4_x2_c6,din4_x2,Fe_C_din4_x2_c6,C_din4_x2_c6,-613.178,C,din4,-9.8124665,-8.6197175,-3.679815999999967
Ru_Fe_N_din4_x2_c0,-638.992,Ru,Fe,N,din4,N_din4_x2_c0,N_din4_x2_c0,0,Ru_N_din4_x2_c0,din4_x2,Fe_N_din4_x2_c0,N_din4_x2_c0,-614.297,N,din4,-9.8124665,-8.6197175,-6.262815999999937
Co_Fe_N_din4_x2_c1_a,-637.576,Co,Fe,N,din4,N_din4_x2_c1_a,N_din4_x2_c1_a,1,Co_N_din4_x2_c1_a,din4_x2,Fe_N_din4_x2_c1_a,N_din4_x2_c1_a,-616.776,N,din4,-7.3844395,-8.6197175,-4.795843000000069
Fe_Fe_N_din4_x2_c1_a,-638.958,Fe,Fe,N,din4,N_din4_x2_c1_a,N_din4_x2_c1_a,1,Fe_N_din4_x2_c1_a,din4_x2,Fe_N_din4_x2_c1_a,N_din4_x2_c1_a,-616.776,N,din4,-8.6197175,-8.6197175,-4.942565000000016
Ru_Fe_N_din4_x2_c1_a,-639.121,Ru,Fe,N,din4,N_din4_x2_c1_a,N_din4_x2_c1_a,1,Ru_N_din4_x2_c1_a,din4_x2,Fe_N_din4_x2_c1_a,N_din4_x2_c1_a,-616.776,N,din4,-9.8124665,-8.6197175,-3.912816000000028
Ag_Fe_N_din4_x2_c1_a_v2,-630.13,Ag,Fe,N,din4,N_din4_x2_c1_a,N_din4_x2_c1_a_v2,1,Ag_N_din4_x2_c1_a_v2,din4_x2,Fe_N_din4_x2_c1_a_v2,N_din4_x2_c1_a,-616.776,N,din4,-3.20700575,-8.6197175,-1.5272767500000413
Au_Fe_N_din4_x2_c1_a_v2,-631.357,Au,Fe,N,din4,N_din4_x2_c1_a,N_din4_x2_c1_a_v2,1,Au_N_din4_x2_c1_a_v2,din4_x2,Fe_N_din4_x2_c1_a_v2,N_din4_x2_c1_a,-616.776,N,din4,-3.8767095,-8.6197175,-2.0845730000000167
Cd_Fe_N_din4_x2_c1_a_v2,-628.302,Cd,Fe,N,din4,N_din4_x2_c1_a,N_din4_x2_c1_a_v2,1,Cd_N_din4_x2_c1_a_v2,din4_x2,Fe_N_din4_x2_c1_a_v2,N_din4_x2_c1_a,-616.776,N,din4,-1.2330587,-8.6197175,-1.6732238000000663
Co_Fe_N_din4_x2_c1_a_v2,-637.649,Co,Fe,N,din4,N_din4_x2_c1_a,N_din4_x2_c1_a_v2,1,Co_N_din4_x2_c1_a_v2,din4_x2,Fe_N_din4_x2_c1_a_v2,N_din4_x2_c1_a,-616.776,N,din4,-7.3844395,-8.6197175,-4.868843000000048
Cu_Fe_N_din4_x2_c1_a_v2,-632.704,Cu,Fe,N,din4,N_din4_x2_c1_a,N_din4_x2_c1_a_v2,1,Cu_N_din4_x2_c1_a_v2,din4_x2,Fe_N_din4_x2_c1_a_v2,N_din4_x2_c1_a,-616.776,N,din4,-4.23458825,-8.6197175,-3.0736942499999973
Fe_Fe_N_din4_x2_c1_a_v2,-638.958,Fe,Fe,N,din4,N_din4_x2_c1_a,N_din4_x2_c1_a_v2,1,Fe_N_din4_x2_c1_a_v2,din4_x2,Fe_N_din4_x2_c1_a_v2,N_din4_x2_c1_a,-616.776,N,din4,-8.6197175,-8.6197175,-4.942565000000016
Ir_Fe_N_din4_x2_c1_a_v2,-638.679,Ir,Fe,N,din4,N_din4_x2_c1_a,N_din4_x2_c1_a_v2,1,Ir_N_din4_x2_c1_a_v2,din4_x2,Fe_N_din4_x2_c1_a_v2,N_din4_x2_c1_a,-616.776,N,din4,-9.56008375,-8.6197175,-3.723198750000019
Ni_Fe_N_din4_x2_c1_a_v2,-635.793,Ni,Fe,N,din4,N_din4_x2_c1_a,N_din4_x2_c1_a_v2,1,Ni_N_din4_x2_c1_a_v2,din4_x2,Fe_N_din4_x2_c1_a_v2,N_din4_x2_c1_a,-616.776,N,din4,-5.86878875,-8.6197175,-4.528493750000052
Os_Fe_N_din4_x2_c1_a_v2,-640.659,Os,Fe,N,din4,N_din4_x2_c1_a,N_din4_x2_c1_a_v2,1,Os_N_din4_x2_c1_a_v2,din4_x2,Fe_N_din4_x2_c1_a_v2,N_din4_x2_c1_a,-616.776,N,din4,-11.839378,-8.6197175,-3.423904500000038
Pd_Fe_N_din4_x2_c1_a_v2,-634.664,Pd,Fe,N,din4,N_din4_x2_c1_a,N_din4_x2_c1_a_v2,1,Pd_N_din4_x2_c1_a_v2,din4_x2,Fe_N_din4_x2_c1_a_v2,N_din4_x2_c1_a,-616.776,N,din4,-5.79450325,-8.6197175,-3.4737792500000335
Pt_Fe_N_din4_x2_c1_a_v2,-636.038,Pt,Fe,N,din4,N_din4_x2_c1_a,N_din4_x2_c1_a_v2,1,Pt_N_din4_x2_c1_a_v2,din4_x2,Fe_N_din4_x2_c1_a_v2,N_din4_x2_c1_a,-616.776,N,din4,-6.8665185,-8.6197175,-3.7757640000000574
Rh_Fe_N_din4_x2_c1_a_v2,-637.228,Rh,Fe,N,din4,N_din4_x2_c1_a,N_din4_x2_c1_a_v2,1,Rh_N_din4_x2_c1_a_v2,din4_x2,Fe_N_din4_x2_c1_a_v2,N_din4_x2_c1_a,-616.776,N,din4,-7.850822,-8.6197175,-3.981460499999997
Ru_Fe_N_din4_x2_c1_a_v2,-638.887,Ru,Fe,N,din4,N_din4_x2_c1_a,N_din4_x2_c1_a_v2,1,Ru_N_din4_x2_c1_a_v2,din4_x2,Fe_N_din4_x2_c1_a_v2,N_din4_x2_c1_a,-616.776,N,din4,-9.8124665,-8.6197175,-3.6788159999999905
Zn_Fe_N_din4_x2_c1_a_v2,-628.766,Zn,Fe,N,din4,N_din4_x2_c1_a,N_din4_x2_c1_a_v2,1,Zn_N_din4_x2_c1_a_v2,din4_x2,Fe_N_din4_x2_c1_a_v2,N_din4_x2_c1_a,-616.776,N,din4,-1.61724415,-8.6197175,-1.7530383500000095
Ru_Fe_N_din4_x2_c1_b,-638.703,Ru,Fe,N,din4,N_din4_x2_c1_b,N_din4_x2_c1_b,1,Ru_N_din4_x2_c1_b,din4_x2,Fe_N_din4_x2_c1_b,N_din4_x2_c1_b,-614.007,N,din4,-9.8124665,-8.6197175,-6.263816000000027
Ag_Fe_N_din4_x2_c2_a,-629.159,Ag,Fe,N,din4,N_din4_x2_c2_a,N_din4_x2_c2_a,2,Ag_N_din4_x2_c2_a,din4_x2,Fe_N_din4_x2_c2_a,N_din4_x2_c2_a,-617.773,N,din4,-3.20700575,-8.6197175,0.4407232500000333
Au_Fe_N_din4_x2_c2_a,-630.105,Au,Fe,N,din4,N_din4_x2_c2_a,N_din4_x2_c2_a,2,Au_N_din4_x2_c2_a,din4_x2,Fe_N_din4_x2_c2_a,N_din4_x2_c2_a,-617.773,N,din4,-3.8767095,-8.6197175,0.1644270000000069
Co_Fe_N_din4_x2_c2_a,-637.379,Co,Fe,N,din4,N_din4_x2_c2_a,N_din4_x2_c2_a,2,Co_N_din4_x2_c2_a,din4_x2,Fe_N_din4_x2_c2_a,N_din4_x2_c2_a,-617.773,N,din4,-7.3844395,-8.6197175,-3.6018429999999952
Fe_Fe_N_din4_x2_c2_a,-638.733,Fe,Fe,N,din4,N_din4_x2_c2_a,N_din4_x2_c2_a,2,Fe_N_din4_x2_c2_a,din4_x2,Fe_N_din4_x2_c2_a,N_din4_x2_c2_a,-617.773,N,din4,-8.6197175,-8.6197175,-3.7205649999999224
Rh_Fe_N_din4_x2_c2_a,-637.165,Rh,Fe,N,din4,N_din4_x2_c2_a,N_din4_x2_c2_a,2,Rh_N_din4_x2_c2_a,din4_x2,Fe_N_din4_x2_c2_a,N_din4_x2_c2_a,-617.773,N,din4,-7.850822,-8.6197175,-2.921460499999938
Ru_Fe_N_din4_x2_c2_a,-638.799,Ru,Fe,N,din4,N_din4_x2_c2_a,N_din4_x2_c2_a,2,Ru_N_din4_x2_c2_a,din4_x2,Fe_N_din4_x2_c2_a,N_din4_x2_c2_a,-617.773,N,din4,-9.8124665,-8.6197175,-2.593815999999954
Ag_Fe_N_din4_x2_c2_a_v2,-630.192,Ag,Fe,N,din4,N_din4_x2_c2_a,N_din4_x2_c2_a_v2,2,Ag_N_din4_x2_c2_a_v2,din4_x2,Fe_N_din4_x2_c2_a_v2,N_din4_x2_c2_a,-617.773,N,din4,-3.20700575,-8.6197175,-0.5922767499999821
Au_Fe_N_din4_x2_c2_a_v2,-631.663,Au,Fe,N,din4,N_din4_x2_c2_a,N_din4_x2_c2_a_v2,2,Au_N_din4_x2_c2_a_v2,din4_x2,Fe_N_din4_x2_c2_a_v2,N_din4_x2_c2_a,-617.773,N,din4,-3.8767095,-8.6197175,-1.3935729999999855
Cd_Fe_N_din4_x2_c2_a_v2,-627.497,Cd,Fe,N,din4,N_din4_x2_c2_a,N_din4_x2_c2_a_v2,2,Cd_N_din4_x2_c2_a_v2,din4_x2,Fe_N_din4_x2_c2_a_v2,N_din4_x2_c2_a,-617.773,N,din4,-1.2330587,-8.6197175,0.1287762000000682
Co_Fe_N_din4_x2_c2_a_v2,-637.54,Co,Fe,N,din4,N_din4_x2_c2_a,N_din4_x2_c2_a_v2,2,Co_N_din4_x2_c2_a_v2,din4_x2,Fe_N_din4_x2_c2_a_v2,N_din4_x2_c2_a,-617.773,N,din4,-7.3844395,-8.6197175,-3.76284299999994
Cu_Fe_N_din4_x2_c2_a_v2,-632.766,Cu,Fe,N,din4,N_din4_x2_c2_a,N_din4_x2_c2_a_v2,2,Cu_N_din4_x2_c2_a_v2,din4_x2,Fe_N_din4_x2_c2_a_v2,N_din4_x2_c2_a,-617.773,N,din4,-4.23458825,-8.6197175,-2.138694249999938
Fe_Fe_N_din4_x2_c2_a_v2,-638.661,Fe,Fe,N,din4,N_din4_x2_c2_a,N_din4_x2_c2_a_v2,2,Fe_N_din4_x2_c2_a_v2,din4_x2,Fe_N_din4_x2_c2_a_v2,N_din4_x2_c2_a,-617.773,N,din4,-8.6197175,-8.6197175,-3.64856499999992
Ir_Fe_N_din4_x2_c2_a_v2,-638.798,Ir,Fe,N,din4,N_din4_x2_c2_a,N_din4_x2_c2_a_v2,2,Ir_N_din4_x2_c2_a_v2,din4_x2,Fe_N_din4_x2_c2_a_v2,N_din4_x2_c2_a,-617.773,N,din4,-9.56008375,-8.6197175,-2.8451987499999767
Ni_Fe_N_din4_x2_c2_a_v2,-635.794,Ni,Fe,N,din4,N_din4_x2_c2_a,N_din4_x2_c2_a_v2,2,Ni_N_din4_x2_c2_a_v2,din4_x2,Fe_N_din4_x2_c2_a_v2,N_din4_x2_c2_a,-617.773,N,din4,-5.86878875,-8.6197175,-3.532493749999958
Os_Fe_N_din4_x2_c2_a_v2,-640.388,Os,Fe,N,din4,N_din4_x2_c2_a,N_din4_x2_c2_a_v2,2,Os_N_din4_x2_c2_a_v2,din4_x2,Fe_N_din4_x2_c2_a_v2,N_din4_x2_c2_a,-617.773,N,din4,-11.839378,-8.6197175,-2.155904500000009
Pd_Fe_N_din4_x2_c2_a_v2,-634.531,Pd,Fe,N,din4,N_din4_x2_c2_a,N_din4_x2_c2_a_v2,2,Pd_N_din4_x2_c2_a_v2,din4_x2,Fe_N_din4_x2_c2_a_v2,N_din4_x2_c2_a,-617.773,N,din4,-5.79450325,-8.6197175,-2.3437792499999244
Pt_Fe_N_din4_x2_c2_a_v2,-636.227,Pt,Fe,N,din4,N_din4_x2_c2_a,N_din4_x2_c2_a_v2,2,Pt_N_din4_x2_c2_a_v2,din4_x2,Fe_N_din4_x2_c2_a_v2,N_din4_x2_c2_a,-617.773,N,din4,-6.8665185,-8.6197175,-2.967763999999951
Rh_Fe_N_din4_x2_c2_a_v2,-637.045,Rh,Fe,N,din4,N_din4_x2_c2_a,N_din4_x2_c2_a_v2,2,Rh_N_din4_x2_c2_a_v2,din4_x2,Fe_N_din4_x2_c2_a_v2,N_din4_x2_c2_a,-617.773,N,din4,-7.850822,-8.6197175,-2.8014604999999335
Ru_Fe_N_din4_x2_c2_a_v2,-638.506,Ru,Fe,N,din4,N_din4_x2_c2_a,N_din4_x2_c2_a_v2,2,Ru_N_din4_x2_c2_a_v2,din4_x2,Fe_N_din4_x2_c2_a_v2,N_din4_x2_c2_a,-617.773,N,din4,-9.8124665,-8.6197175,-2.300815999999948
Zn_Fe_N_din4_x2_c2_a_v2,-629.374,Zn,Fe,N,din4,N_din4_x2_c2_a,N_din4_x2_c2_a_v2,2,Zn_N_din4_x2_c2_a_v2,din4_x2,Fe_N_din4_x2_c2_a_v2,N_din4_x2_c2_a,-617.773,N,din4,-1.61724415,-8.6197175,-1.3640383499999995
Co_Fe_N_din4_x2_c2_b,-637.336,Co,Fe,N,din4,N_din4_x2_c2_b,N_din4_x2_c2_b,2,Co_N_din4_x2_c2_b,din4_x2,Fe_N_din4_x2_c2_b,N_din4_x2_c2_b,-616.48,N,din4,-7.3844395,-8.6197175,-4.851842999999995
Fe_Fe_N_din4_x2_c2_b,-638.422,Fe,Fe,N,din4,N_din4_x2_c2_b,N_din4_x2_c2_b,2,Fe_N_din4_x2_c2_b,din4_x2,Fe_N_din4_x2_c2_b,N_din4_x2_c2_b,-616.48,N,din4,-8.6197175,-8.6197175,-4.702565000000007
Ni_Fe_N_din4_x2_c2_b,-635.316,Ni,Fe,N,din4,N_din4_x2_c2_b,N_din4_x2_c2_b,2,Ni_N_din4_x2_c2_b,din4_x2,Fe_N_din4_x2_c2_b,N_din4_x2_c2_b,-616.48,N,din4,-5.86878875,-8.6197175,-4.347493750000012
Rh_Fe_N_din4_x2_c2_b,-637.071,Rh,Fe,N,din4,N_din4_x2_c2_b,N_din4_x2_c2_b,2,Rh_N_din4_x2_c2_b,din4_x2,Fe_N_din4_x2_c2_b,N_din4_x2_c2_b,-616.48,N,din4,-7.850822,-8.6197175,-4.120460500000007
Ag_Fe_N_din4_x2_c2_b_v2,-629.949,Ag,Fe,N,din4,N_din4_x2_c2_b,N_din4_x2_c2_b_v2,2,Ag_N_din4_x2_c2_b_v2,din4_x2,Fe_N_din4_x2_c2_b_v2,N_din4_x2_c2_b,-616.48,N,din4,-3.20700575,-8.6197175,-1.642276749999937
Au_Fe_N_din4_x2_c2_b_v2,-631.259,Au,Fe,N,din4,N_din4_x2_c2_b,N_din4_x2_c2_b_v2,2,Au_N_din4_x2_c2_b_v2,din4_x2,Fe_N_din4_x2_c2_b_v2,N_din4_x2_c2_b,-616.48,N,din4,-3.8767095,-8.6197175,-2.2825729999999957
Cd_Fe_N_din4_x2_c2_b_v2,-627.677,Cd,Fe,N,din4,N_din4_x2_c2_b,N_din4_x2_c2_b_v2,2,Cd_N_din4_x2_c2_b_v2,din4_x2,Fe_N_din4_x2_c2_b_v2,N_din4_x2_c2_b,-616.48,N,din4,-1.2330587,-8.6197175,-1.3442238000000015
Co_Fe_N_din4_x2_c2_b_v2,-637.41,Co,Fe,N,din4,N_din4_x2_c2_b,N_din4_x2_c2_b_v2,2,Co_N_din4_x2_c2_b_v2,din4_x2,Fe_N_din4_x2_c2_b_v2,N_din4_x2_c2_b,-616.48,N,din4,-7.3844395,-8.6197175,-4.925842999999951
Cu_Fe_N_din4_x2_c2_b_v2,-632.51,Cu,Fe,N,din4,N_din4_x2_c2_b,N_din4_x2_c2_b_v2,2,Cu_N_din4_x2_c2_b_v2,din4_x2,Fe_N_din4_x2_c2_b_v2,N_din4_x2_c2_b,-616.48,N,din4,-4.23458825,-8.6197175,-3.1756942499999727
Fe_Fe_N_din4_x2_c2_b_v2,-638.421,Fe,Fe,N,din4,N_din4_x2_c2_b,N_din4_x2_c2_b_v2,2,Fe_N_din4_x2_c2_b_v2,din4_x2,Fe_N_din4_x2_c2_b_v2,N_din4_x2_c2_b,-616.48,N,din4,-8.6197175,-8.6197175,-4.701565000000031
Ir_Fe_N_din4_x2_c2_b_v2,-638.552,Ir,Fe,N,din4,N_din4_x2_c2_b,N_din4_x2_c2_b_v2,2,Ir_N_din4_x2_c2_b_v2,din4_x2,Fe_N_din4_x2_c2_b_v2,N_din4_x2_c2_b,-616.48,N,din4,-9.56008375,-8.6197175,-3.892198750000002
Ni_Fe_N_din4_x2_c2_b_v2,-635.709,Ni,Fe,N,din4,N_din4_x2_c2_b,N_din4_x2_c2_b_v2,2,Ni_N_din4_x2_c2_b_v2,din4_x2,Fe_N_din4_x2_c2_b_v2,N_din4_x2_c2_b,-616.48,N,din4,-5.86878875,-8.6197175,-4.740493749999928
Os_Fe_N_din4_x2_c2_b_v2,-639.93,Os,Fe,N,din4,N_din4_x2_c2_b,N_din4_x2_c2_b_v2,2,Os_N_din4_x2_c2_b_v2,din4_x2,Fe_N_din4_x2_c2_b_v2,N_din4_x2_c2_b,-616.48,N,din4,-11.839378,-8.6197175,-2.9909044999999317
Pd_Fe_N_din4_x2_c2_b_v2,-634.513,Pd,Fe,N,din4,N_din4_x2_c2_b,N_din4_x2_c2_b_v2,2,Pd_N_din4_x2_c2_b_v2,din4_x2,Fe_N_din4_x2_c2_b_v2,N_din4_x2_c2_b,-616.48,N,din4,-5.79450325,-8.6197175,-3.6187792500000153
Pt_Fe_N_din4_x2_c2_b_v2,-635.975,Pt,Fe,N,din4,N_din4_x2_c2_b,N_din4_x2_c2_b_v2,2,Pt_N_din4_x2_c2_b_v2,din4_x2,Fe_N_din4_x2_c2_b_v2,N_din4_x2_c2_b,-616.48,N,din4,-6.8665185,-8.6197175,-4.008764000000005
Rh_Fe_N_din4_x2_c2_b_v2,-633.473,Rh,Fe,N,din4,N_din4_x2_c2_b,N_din4_x2_c2_b_v2,2,Rh_N_din4_x2_c2_b_v2,din4_x2,Fe_N_din4_x2_c2_b_v2,N_din4_x2_c2_b,-616.48,N,din4,-7.850822,-8.6197175,-0.5224604999999372
Ru_Fe_N_din4_x2_c2_b_v2,-638.257,Ru,Fe,N,din4,N_din4_x2_c2_b,N_din4_x2_c2_b_v2,2,Ru_N_din4_x2_c2_b_v2,din4_x2,Fe_N_din4_x2_c2_b_v2,N_din4_x2_c2_b,-616.48,N,din4,-9.8124665,-8.6197175,-3.3448159999999305
Zn_Fe_N_din4_x2_c2_b_v2,-629.175,Zn,Fe,N,din4,N_din4_x2_c2_b,N_din4_x2_c2_b_v2,2,Zn_N_din4_x2_c2_b_v2,din4_x2,Fe_N_din4_x2_c2_b_v2,N_din4_x2_c2_b,-616.48,N,din4,-1.61724415,-8.6197175,-2.4580383499999368
Co_Fe_N_din4_x2_c2_c,-632.627,Co,Fe,N,din4,N_din4_x2_c2_c,N_din4_x2_c2_c,2,Co_N_din4_x2_c2_c,din4_x2,Fe_N_din4_x2_c2_c,N_din4_x2_c2_c,-616.943,N,din4,-7.3844395,-8.6197175,0.3201570000000302
Fe_Fe_N_din4_x2_c2_c,-634.044,Fe,Fe,N,din4,N_din4_x2_c2_c,N_din4_x2_c2_c,2,Fe_N_din4_x2_c2_c,din4_x2,Fe_N_din4_x2_c2_c,N_din4_x2_c2_c,-616.943,N,din4,-8.6197175,-8.6197175,0.1384350000000012
Ni_Fe_N_din4_x2_c2_c,-631.322,Ni,Fe,N,din4,N_din4_x2_c2_c,N_din4_x2_c2_c,2,Ni_N_din4_x2_c2_c,din4_x2,Fe_N_din4_x2_c2_c,N_din4_x2_c2_c,-616.943,N,din4,-5.86878875,-8.6197175,0.1095062499999812
Zn_Fe_N_din4_x2_c2_d,-628.68,Zn,Fe,N,din4,N_din4_x2_c2_d,N_din4_x2_c2_d,2,Zn_N_din4_x2_c2_d,din4_x2,Fe_N_din4_x2_c2_d,N_din4_x2_c2_d,-615.769,N,din4,-1.61724415,-8.6197175,-2.674038349999945
Cd_Fe_N_din4_x2_c2_e,-627.674,Cd,Fe,N,din4,N_din4_x2_c2_e,N_din4_x2_c2_e,2,Cd_N_din4_x2_c2_e,din4_x2,Fe_N_din4_x2_c2_e,N_din4_x2_c2_e,-616.48,N,din4,-1.2330587,-8.6197175,-1.341223799999959
Ag_Fe_N_din4_x2_c2_e_v2,-628.51,Ag,Fe,N,din4,N_din4_x2_c2_e,N_din4_x2_c2_e_v2,2,Ag_N_din4_x2_c2_e_v2,din4_x2,Fe_N_din4_x2_c2_e_v2,N_din4_x2_c2_e,-616.48,N,din4,-3.20700575,-8.6197175,-0.2032767499999721
Au_Fe_N_din4_x2_c2_e_v2,-630.574,Au,Fe,N,din4,N_din4_x2_c2_e,N_din4_x2_c2_e_v2,2,Au_N_din4_x2_c2_e_v2,din4_x2,Fe_N_din4_x2_c2_e_v2,N_din4_x2_c2_e,-616.48,N,din4,-3.8767095,-8.6197175,-1.5975729999999366
Cd_Fe_N_din4_x2_c2_e_v2,-626.971,Cd,Fe,N,din4,N_din4_x2_c2_e,N_din4_x2_c2_e_v2,2,Cd_N_din4_x2_c2_e_v2,din4_x2,Fe_N_din4_x2_c2_e_v2,N_din4_x2_c2_e,-616.48,N,din4,-1.2330587,-8.6197175,-0.6382237999999845
Co_Fe_N_din4_x2_c2_e_v2,-637.336,Co,Fe,N,din4,N_din4_x2_c2_e,N_din4_x2_c2_e_v2,2,Co_N_din4_x2_c2_e_v2,din4_x2,Fe_N_din4_x2_c2_e_v2,N_din4_x2_c2_e,-616.48,N,din4,-7.3844395,-8.6197175,-4.851842999999995
Cu_Fe_N_din4_x2_c2_e_v2,-631.009,Cu,Fe,N,din4,N_din4_x2_c2_e,N_din4_x2_c2_e_v2,2,Cu_N_din4_x2_c2_e_v2,din4_x2,Fe_N_din4_x2_c2_e_v2,N_din4_x2_c2_e,-616.48,N,din4,-4.23458825,-8.6197175,-1.6746942499999964
Fe_Fe_N_din4_x2_c2_e_v2,-638.421,Fe,Fe,N,din4,N_din4_x2_c2_e,N_din4_x2_c2_e_v2,2,Fe_N_din4_x2_c2_e_v2,din4_x2,Fe_N_din4_x2_c2_e_v2,N_din4_x2_c2_e,-616.48,N,din4,-8.6197175,-8.6197175,-4.701565000000031
Ir_Fe_N_din4_x2_c2_e_v2,-638.506,Ir,Fe,N,din4,N_din4_x2_c2_e,N_din4_x2_c2_e_v2,2,Ir_N_din4_x2_c2_e_v2,din4_x2,Fe_N_din4_x2_c2_e_v2,N_din4_x2_c2_e,-616.48,N,din4,-9.56008375,-8.6197175,-3.846198749999953
Ni_Fe_N_din4_x2_c2_e_v2,-635.473,Ni,Fe,N,din4,N_din4_x2_c2_e,N_din4_x2_c2_e_v2,2,Ni_N_din4_x2_c2_e_v2,din4_x2,Fe_N_din4_x2_c2_e_v2,N_din4_x2_c2_e,-616.48,N,din4,-5.86878875,-8.6197175,-4.504493749999938
Os_Fe_N_din4_x2_c2_e_v2,-640.088,Os,Fe,N,din4,N_din4_x2_c2_e,N_din4_x2_c2_e_v2,2,Os_N_din4_x2_c2_e_v2,din4_x2,Fe_N_din4_x2_c2_e_v2,N_din4_x2_c2_e,-616.48,N,din4,-11.839378,-8.6197175,-3.148904499999947
Pd_Fe_N_din4_x2_c2_e_v2,-634.437,Pd,Fe,N,din4,N_din4_x2_c2_e,N_din4_x2_c2_e_v2,2,Pd_N_din4_x2_c2_e_v2,din4_x2,Fe_N_din4_x2_c2_e_v2,N_din4_x2_c2_e,-616.48,N,din4,-5.79450325,-8.6197175,-3.5427792499999935
Pt_Fe_N_din4_x2_c2_e_v2,-635.723,Pt,Fe,N,din4,N_din4_x2_c2_e,N_din4_x2_c2_e_v2,2,Pt_N_din4_x2_c2_e_v2,din4_x2,Fe_N_din4_x2_c2_e_v2,N_din4_x2_c2_e,-616.48,N,din4,-6.8665185,-8.6197175,-3.7567639999999383
Rh_Fe_N_din4_x2_c2_e_v2,-637.071,Rh,Fe,N,din4,N_din4_x2_c2_e,N_din4_x2_c2_e_v2,2,Rh_N_din4_x2_c2_e_v2,din4_x2,Fe_N_din4_x2_c2_e_v2,N_din4_x2_c2_e,-616.48,N,din4,-7.850822,-8.6197175,-4.120460500000007
Ru_Fe_N_din4_x2_c2_e_v2,-638.4,Ru,Fe,N,din4,N_din4_x2_c2_e,N_din4_x2_c2_e_v2,2,Ru_N_din4_x2_c2_e_v2,din4_x2,Fe_N_din4_x2_c2_e_v2,N_din4_x2_c2_e,-616.48,N,din4,-9.8124665,-8.6197175,-3.4878159999999596
Zn_Fe_N_din4_x2_c2_e_v2,-628.465,Zn,Fe,N,din4,N_din4_x2_c2_e,N_din4_x2_c2_e_v2,2,Zn_N_din4_x2_c2_e_v2,din4_x2,Fe_N_din4_x2_c2_e_v2,N_din4_x2_c2_e,-616.48,N,din4,-1.61724415,-8.6197175,-1.748038350000014
Co_Fe_N_din4_x2_c2_f,-637.119,Co,Fe,N,din4,N_din4_x2_c2_f,N_din4_x2_c2_f,2,Co_N_din4_x2_c2_f,din4_x2,Fe_N_din4_x2_c2_f,N_din4_x2_c2_f,-613.375,N,din4,-7.3844395,-8.6197175,-7.739843000000029
Cu_Fe_N_din4_x2_c2_f,-632.331,Cu,Fe,N,din4,N_din4_x2_c2_f,N_din4_x2_c2_f,2,Cu_N_din4_x2_c2_f,din4_x2,Fe_N_din4_x2_c2_f,N_din4_x2_c2_f,-613.375,N,din4,-4.23458825,-8.6197175,-6.101694250000017
Pd_Fe_N_din4_x2_c2_f,-634.263,Pd,Fe,N,din4,N_din4_x2_c2_f,N_din4_x2_c2_f,2,Pd_N_din4_x2_c2_f,din4_x2,Fe_N_din4_x2_c2_f,N_din4_x2_c2_f,-613.375,N,din4,-5.79450325,-8.6197175,-6.4737792500000335
Pt_Fe_N_din4_x2_c2_f,-635.758,Pt,Fe,N,din4,N_din4_x2_c2_f,N_din4_x2_c2_f,2,Pt_N_din4_x2_c2_f,din4_x2,Fe_N_din4_x2_c2_f,N_din4_x2_c2_f,-613.375,N,din4,-6.8665185,-8.6197175,-6.896764000000038
Rh_Fe_N_din4_x2_c2_f,-636.775,Rh,Fe,N,din4,N_din4_x2_c2_f,N_din4_x2_c2_f,2,Rh_N_din4_x2_c2_f,din4_x2,Fe_N_din4_x2_c2_f,N_din4_x2_c2_f,-613.375,N,din4,-7.850822,-8.6197175,-6.929460499999976
Ag_Fe_N_din4_x2_c2_g_v2,-630.073,Ag,Fe,N,din4,N_din4_x2_c2_g,N_din4_x2_c2_g_v2,2,Ag_N_din4_x2_c2_g_v2,din4_x2,Fe_N_din4_x2_c2_g_v2,N_din4_x2_c2_g,-616.116,N,din4,-3.20700575,-8.6197175,-2.130276749999993
Au_Fe_N_din4_x2_c2_g_v2,-631.414,Au,Fe,N,din4,N_din4_x2_c2_g,N_din4_x2_c2_g_v2,2,Au_N_din4_x2_c2_g_v2,din4_x2,Fe_N_din4_x2_c2_g_v2,N_din4_x2_c2_g,-616.116,N,din4,-3.8767095,-8.6197175,-2.801573000000001
Cd_Fe_N_din4_x2_c2_g_v2,-628.499,Cd,Fe,N,din4,N_din4_x2_c2_g,N_din4_x2_c2_g_v2,2,Cd_N_din4_x2_c2_g_v2,din4_x2,Fe_N_din4_x2_c2_g_v2,N_din4_x2_c2_g,-616.116,N,din4,-1.2330587,-8.6197175,-2.530223800000037
Co_Fe_N_din4_x2_c2_g_v2,-637.596,Co,Fe,N,din4,N_din4_x2_c2_g,N_din4_x2_c2_g_v2,2,Co_N_din4_x2_c2_g_v2,din4_x2,Fe_N_din4_x2_c2_g_v2,N_din4_x2_c2_g,-616.116,N,din4,-7.3844395,-8.6197175,-5.475843000000019
Cu_Fe_N_din4_x2_c2_g_v2,-632.657,Cu,Fe,N,din4,N_din4_x2_c2_g,N_din4_x2_c2_g_v2,2,Cu_N_din4_x2_c2_g_v2,din4_x2,Fe_N_din4_x2_c2_g_v2,N_din4_x2_c2_g,-616.116,N,din4,-4.23458825,-8.6197175,-3.6866942500000537
Fe_Fe_N_din4_x2_c2_g_v2,-638.586,Fe,Fe,N,din4,N_din4_x2_c2_g,N_din4_x2_c2_g_v2,2,Fe_N_din4_x2_c2_g_v2,din4_x2,Fe_N_din4_x2_c2_g_v2,N_din4_x2_c2_g,-616.116,N,din4,-8.6197175,-8.6197175,-5.230565000000027
Ir_Fe_N_din4_x2_c2_g_v2,-638.757,Ir,Fe,N,din4,N_din4_x2_c2_g,N_din4_x2_c2_g_v2,2,Ir_N_din4_x2_c2_g_v2,din4_x2,Fe_N_din4_x2_c2_g_v2,N_din4_x2_c2_g,-616.116,N,din4,-9.56008375,-8.6197175,-4.461198749999962
Ni_Fe_N_din4_x2_c2_g_v2,-635.847,Ni,Fe,N,din4,N_din4_x2_c2_g,N_din4_x2_c2_g_v2,2,Ni_N_din4_x2_c2_g_v2,din4_x2,Fe_N_din4_x2_c2_g_v2,N_din4_x2_c2_g,-616.116,N,din4,-5.86878875,-8.6197175,-5.242493749999994
Os_Fe_N_din4_x2_c2_g_v2,-640.145,Os,Fe,N,din4,N_din4_x2_c2_g,N_din4_x2_c2_g_v2,2,Os_N_din4_x2_c2_g_v2,din4_x2,Fe_N_din4_x2_c2_g_v2,N_din4_x2_c2_g,-616.116,N,din4,-11.839378,-8.6197175,-3.5699044999999963
Pd_Fe_N_din4_x2_c2_g_v2,-634.639,Pd,Fe,N,din4,N_din4_x2_c2_g,N_din4_x2_c2_g_v2,2,Pd_N_din4_x2_c2_g_v2,din4_x2,Fe_N_din4_x2_c2_g_v2,N_din4_x2_c2_g,-616.116,N,din4,-5.79450325,-8.6197175,-4.108779250000024
Pt_Fe_N_din4_x2_c2_g_v2,-636.137,Pt,Fe,N,din4,N_din4_x2_c2_g,N_din4_x2_c2_g_v2,2,Pt_N_din4_x2_c2_g_v2,din4_x2,Fe_N_din4_x2_c2_g_v2,N_din4_x2_c2_g,-616.116,N,din4,-6.8665185,-8.6197175,-4.534763999999958
Rh_Fe_N_din4_x2_c2_g_v2,-637.15,Rh,Fe,N,din4,N_din4_x2_c2_g,N_din4_x2_c2_g_v2,2,Rh_N_din4_x2_c2_g_v2,din4_x2,Fe_N_din4_x2_c2_g_v2,N_din4_x2_c2_g,-616.116,N,din4,-7.850822,-8.6197175,-4.563460499999991
Ru_Fe_N_din4_x2_c2_g_v2,-638.35,Ru,Fe,N,din4,N_din4_x2_c2_g,N_din4_x2_c2_g_v2,2,Ru_N_din4_x2_c2_g_v2,din4_x2,Fe_N_din4_x2_c2_g_v2,N_din4_x2_c2_g,-616.116,N,din4,-9.8124665,-8.6197175,-3.801816000000038
Zn_Fe_N_din4_x2_c2_g_v2,-629.332,Zn,Fe,N,din4,N_din4_x2_c2_g,N_din4_x2_c2_g_v2,2,Zn_N_din4_x2_c2_g_v2,din4_x2,Fe_N_din4_x2_c2_g_v2,N_din4_x2_c2_g,-616.116,N,din4,-1.61724415,-8.6197175,-2.9790383500000086
Co_Fe_N_din4_x2_c3_b,-633.275,Co,Fe,N,din4,N_din4_x2_c3_b,N_din4_x2_c3_b,3,Co_N_din4_x2_c3_b,din4_x2,Fe_N_din4_x2_c3_b,N_din4_x2_c3_b,-616.592,N,din4,-7.3844395,-8.6197175,-0.6788429999999934
Ag_Fe_N_din4_x2_c3_b_v2,-629.194,Ag,Fe,N,din4,N_din4_x2_c3_b,N_din4_x2_c3_b_v2,3,Ag_N_din4_x2_c3_b_v2,din4_x2,Fe_N_din4_x2_c3_b_v2,N_din4_x2_c3_b,-616.592,N,din4,-3.20700575,-8.6197175,-0.7752767499999749
Au_Fe_N_din4_x2_c3_b_v2,-629.783,Au,Fe,N,din4,N_din4_x2_c3_b,N_din4_x2_c3_b_v2,3,Au_N_din4_x2_c3_b_v2,din4_x2,Fe_N_din4_x2_c3_b_v2,N_din4_x2_c3_b,-616.592,N,din4,-3.8767095,-8.6197175,-0.6945730000000303
Cd_Fe_N_din4_x2_c3_b_v2,-628.045,Cd,Fe,N,din4,N_din4_x2_c3_b,N_din4_x2_c3_b_v2,3,Cd_N_din4_x2_c3_b_v2,din4_x2,Fe_N_din4_x2_c3_b_v2,N_din4_x2_c3_b,-616.592,N,din4,-1.2330587,-8.6197175,-1.6002237999999736
Co_Fe_N_din4_x2_c3_b_v2,-633.278,Co,Fe,N,din4,N_din4_x2_c3_b,N_din4_x2_c3_b_v2,3,Co_N_din4_x2_c3_b_v2,din4_x2,Fe_N_din4_x2_c3_b_v2,N_din4_x2_c3_b,-616.592,N,din4,-7.3844395,-8.6197175,-0.6818430000000362
Cu_Fe_N_din4_x2_c3_b_v2,-630.505,Cu,Fe,N,din4,N_din4_x2_c3_b,N_din4_x2_c3_b_v2,3,Cu_N_din4_x2_c3_b_v2,din4_x2,Fe_N_din4_x2_c3_b_v2,N_din4_x2_c3_b,-616.592,N,din4,-4.23458825,-8.6197175,-1.058694250000011
Fe_Fe_N_din4_x2_c3_b_v2,-634.699,Fe,Fe,N,din4,N_din4_x2_c3_b,N_din4_x2_c3_b_v2,3,Fe_N_din4_x2_c3_b_v2,din4_x2,Fe_N_din4_x2_c3_b_v2,N_din4_x2_c3_b,-616.592,N,din4,-8.6197175,-8.6197175,-0.8675649999999706
Ir_Fe_N_din4_x2_c3_b_v2,-638.446,Ir,Fe,N,din4,N_din4_x2_c3_b,N_din4_x2_c3_b_v2,3,Ir_N_din4_x2_c3_b_v2,din4_x2,Fe_N_din4_x2_c3_b_v2,N_din4_x2_c3_b,-616.592,N,din4,-9.56008375,-8.6197175,-3.6741987500000417
Ni_Fe_N_din4_x2_c3_b_v2,-635.759,Ni,Fe,N,din4,N_din4_x2_c3_b,N_din4_x2_c3_b_v2,3,Ni_N_din4_x2_c3_b_v2,din4_x2,Fe_N_din4_x2_c3_b_v2,N_din4_x2_c3_b,-616.592,N,din4,-5.86878875,-8.6197175,-4.67849375000003
Os_Fe_N_din4_x2_c3_b_v2,-639.864,Os,Fe,N,din4,N_din4_x2_c3_b,N_din4_x2_c3_b_v2,3,Os_N_din4_x2_c3_b_v2,din4_x2,Fe_N_din4_x2_c3_b_v2,N_din4_x2_c3_b,-616.592,N,din4,-11.839378,-8.6197175,-2.812904500000048
Pd_Fe_N_din4_x2_c3_b_v2,-634.596,Pd,Fe,N,din4,N_din4_x2_c3_b,N_din4_x2_c3_b_v2,3,Pd_N_din4_x2_c3_b_v2,din4_x2,Fe_N_din4_x2_c3_b_v2,N_din4_x2_c3_b,-616.592,N,din4,-5.79450325,-8.6197175,-3.589779250000019
Pt_Fe_N_din4_x2_c3_b_v2,-636.143,Pt,Fe,N,din4,N_din4_x2_c3_b,N_din4_x2_c3_b_v2,3,Pt_N_din4_x2_c3_b_v2,din4_x2,Fe_N_din4_x2_c3_b_v2,N_din4_x2_c3_b,-616.592,N,din4,-6.8665185,-8.6197175,-4.064764000000045
Rh_Fe_N_din4_x2_c3_b_v2,-636.805,Rh,Fe,N,din4,N_din4_x2_c3_b,N_din4_x2_c3_b_v2,3,Rh_N_din4_x2_c3_b_v2,din4_x2,Fe_N_din4_x2_c3_b_v2,N_din4_x2_c3_b,-616.592,N,din4,-7.850822,-8.6197175,-3.742460499999965
Ru_Fe_N_din4_x2_c3_b_v2,-638.033,Ru,Fe,N,din4,N_din4_x2_c3_b,N_din4_x2_c3_b_v2,3,Ru_N_din4_x2_c3_b_v2,din4_x2,Fe_N_din4_x2_c3_b_v2,N_din4_x2_c3_b,-616.592,N,din4,-9.8124665,-8.6197175,-3.0088160000000315
Zn_Fe_N_din4_x2_c3_b_v2,-627.842,Zn,Fe,N,din4,N_din4_x2_c3_b,N_din4_x2_c3_b_v2,3,Zn_N_din4_x2_c3_b_v2,din4_x2,Fe_N_din4_x2_c3_b_v2,N_din4_x2_c3_b,-616.592,N,din4,-1.61724415,-8.6197175,-1.0130383500000004
Au_Fe_N_din4_x2_c3_c,-631.023,Au,Fe,N,din4,N_din4_x2_c3_c,N_din4_x2_c3_c,3,Au_N_din4_x2_c3_c,din4_x2,Fe_N_din4_x2_c3_c,N_din4_x2_c3_c,-615.869,N,din4,-3.8767095,-8.6197175,-2.6575729999999957
Pd_Fe_N_din4_x2_c3_c,-634.326,Pd,Fe,N,din4,N_din4_x2_c3_c,N_din4_x2_c3_c,3,Pd_N_din4_x2_c3_c,din4_x2,Fe_N_din4_x2_c3_c,N_din4_x2_c3_c,-615.869,N,din4,-5.79450325,-8.6197175,-4.0427792499999935
Rh_Fe_N_din4_x2_c3_c,-636.484,Rh,Fe,N,din4,N_din4_x2_c3_c,N_din4_x2_c3_c,3,Rh_N_din4_x2_c3_c,din4_x2,Fe_N_din4_x2_c3_c,N_din4_x2_c3_c,-615.869,N,din4,-7.850822,-8.6197175,-4.144460500000008
Ru_Fe_N_din4_x2_c3_c,-637.539,Ru,Fe,N,din4,N_din4_x2_c3_c,N_din4_x2_c3_c,3,Ru_N_din4_x2_c3_c,din4_x2,Fe_N_din4_x2_c3_c,N_din4_x2_c3_c,-615.869,N,din4,-9.8124665,-8.6197175,-3.2378159999999596
Zn_Fe_N_din4_x2_c3_c,-629.1,Zn,Fe,N,din4,N_din4_x2_c3_c,N_din4_x2_c3_c,3,Zn_N_din4_x2_c3_c,din4_x2,Fe_N_din4_x2_c3_c,N_din4_x2_c3_c,-615.869,N,din4,-1.61724415,-8.6197175,-2.994038349999995
Ag_Fe_N_din4_x2_c3_c_v2,-630.024,Ag,Fe,N,din4,N_din4_x2_c3_c,N_din4_x2_c3_c_v2,3,Ag_N_din4_x2_c3_c_v2,din4_x2,Fe_N_din4_x2_c3_c_v2,N_din4_x2_c3_c,-615.869,N,din4,-3.20700575,-8.6197175,-2.328276749999972
Au_Fe_N_din4_x2_c3_c_v2,-631.424,Au,Fe,N,din4,N_din4_x2_c3_c,N_din4_x2_c3_c_v2,3,Au_N_din4_x2_c3_c_v2,din4_x2,Fe_N_din4_x2_c3_c_v2,N_din4_x2_c3_c,-615.869,N,din4,-3.8767095,-8.6197175,-3.05857299999995
Cd_Fe_N_din4_x2_c3_c_v2,-628.601,Cd,Fe,N,din4,N_din4_x2_c3_c,N_din4_x2_c3_c_v2,3,Cd_N_din4_x2_c3_c_v2,din4_x2,Fe_N_din4_x2_c3_c_v2,N_din4_x2_c3_c,-615.869,N,din4,-1.2330587,-8.6197175,-2.87922379999997
Co_Fe_N_din4_x2_c3_c_v2,-636.79,Co,Fe,N,din4,N_din4_x2_c3_c,N_din4_x2_c3_c_v2,3,Co_N_din4_x2_c3_c_v2,din4_x2,Fe_N_din4_x2_c3_c_v2,N_din4_x2_c3_c,-615.869,N,din4,-7.3844395,-8.6197175,-4.916842999999936
Cu_Fe_N_din4_x2_c3_c_v2,-632.721,Cu,Fe,N,din4,N_din4_x2_c3_c,N_din4_x2_c3_c_v2,3,Cu_N_din4_x2_c3_c_v2,din4_x2,Fe_N_din4_x2_c3_c_v2,N_din4_x2_c3_c,-615.869,N,din4,-4.23458825,-8.6197175,-3.997694249999975
Fe_Fe_N_din4_x2_c3_c_v2,-637.769,Fe,Fe,N,din4,N_din4_x2_c3_c,N_din4_x2_c3_c_v2,3,Fe_N_din4_x2_c3_c_v2,din4_x2,Fe_N_din4_x2_c3_c_v2,N_din4_x2_c3_c,-615.869,N,din4,-8.6197175,-8.6197175,-4.660564999999977
Ir_Fe_N_din4_x2_c3_c_v2,-637.914,Ir,Fe,N,din4,N_din4_x2_c3_c,N_din4_x2_c3_c_v2,3,Ir_N_din4_x2_c3_c_v2,din4_x2,Fe_N_din4_x2_c3_c_v2,N_din4_x2_c3_c,-615.869,N,din4,-9.56008375,-8.6197175,-3.8651987499999585
Ni_Fe_N_din4_x2_c3_c_v2,-635.622,Ni,Fe,N,din4,N_din4_x2_c3_c,N_din4_x2_c3_c_v2,3,Ni_N_din4_x2_c3_c_v2,din4_x2,Fe_N_din4_x2_c3_c_v2,N_din4_x2_c3_c,-615.869,N,din4,-5.86878875,-8.6197175,-5.264493749999929
Os_Fe_N_din4_x2_c3_c_v2,-639.485,Os,Fe,N,din4,N_din4_x2_c3_c,N_din4_x2_c3_c_v2,3,Os_N_din4_x2_c3_c_v2,din4_x2,Fe_N_din4_x2_c3_c_v2,N_din4_x2_c3_c,-615.869,N,din4,-11.839378,-8.6197175,-3.1569044999999853
Pd_Fe_N_din4_x2_c3_c_v2,-634.345,Pd,Fe,N,din4,N_din4_x2_c3_c,N_din4_x2_c3_c_v2,3,Pd_N_din4_x2_c3_c_v2,din4_x2,Fe_N_din4_x2_c3_c_v2,N_din4_x2_c3_c,-615.869,N,din4,-5.79450325,-8.6197175,-4.061779249999999
Pt_Fe_N_din4_x2_c3_c_v2,-635.965,Pt,Fe,N,din4,N_din4_x2_c3_c,N_din4_x2_c3_c_v2,3,Pt_N_din4_x2_c3_c_v2,din4_x2,Fe_N_din4_x2_c3_c_v2,N_din4_x2_c3_c,-615.869,N,din4,-6.8665185,-8.6197175,-4.609764000000004
Rh_Fe_N_din4_x2_c3_c_v2,-636.224,Rh,Fe,N,din4,N_din4_x2_c3_c,N_din4_x2_c3_c_v2,3,Rh_N_din4_x2_c3_c_v2,din4_x2,Fe_N_din4_x2_c3_c_v2,N_din4_x2_c3_c,-615.869,N,din4,-7.850822,-8.6197175,-3.884460500000017
Ru_Fe_N_din4_x2_c3_c_v2,-637.652,Ru,Fe,N,din4,N_din4_x2_c3_c,N_din4_x2_c3_c_v2,3,Ru_N_din4_x2_c3_c_v2,din4_x2,Fe_N_din4_x2_c3_c_v2,N_din4_x2_c3_c,-615.869,N,din4,-9.8124665,-8.6197175,-3.350816000000016
Zn_Fe_N_din4_x2_c3_c_v2,-629.076,Zn,Fe,N,din4,N_din4_x2_c3_c,N_din4_x2_c3_c_v2,3,Zn_N_din4_x2_c3_c_v2,din4_x2,Fe_N_din4_x2_c3_c_v2,N_din4_x2_c3_c,-615.869,N,din4,-1.61724415,-8.6197175,-2.970038349999994
Co_Fe_N_din4_x2_c3_d,-637.062,Co,Fe,N,din4,N_din4_x2_c3_d,N_din4_x2_c3_d,3,Co_N_din4_x2_c3_d,din4_x2,Fe_N_din4_x2_c3_d,N_din4_x2_c3_d,-617.226,N,din4,-7.3844395,-8.6197175,-3.8318430000000134
Fe_Fe_N_din4_x2_c3_d,-638.182,Fe,Fe,N,din4,N_din4_x2_c3_d,N_din4_x2_c3_d,3,Fe_N_din4_x2_c3_d,din4_x2,Fe_N_din4_x2_c3_d,N_din4_x2_c3_d,-617.226,N,din4,-8.6197175,-8.6197175,-3.716565000000017
Ni_Fe_N_din4_x2_c3_d,-635.384,Ni,Fe,N,din4,N_din4_x2_c3_d,N_din4_x2_c3_d,3,Ni_N_din4_x2_c3_d,din4_x2,Fe_N_din4_x2_c3_d,N_din4_x2_c3_d,-617.226,N,din4,-5.86878875,-8.6197175,-3.669493750000015
Rh_Fe_N_din4_x2_c3_d,-636.809,Rh,Fe,N,din4,N_din4_x2_c3_d,N_din4_x2_c3_d,3,Rh_N_din4_x2_c3_d,din4_x2,Fe_N_din4_x2_c3_d,N_din4_x2_c3_d,-617.226,N,din4,-7.850822,-8.6197175,-3.112460499999969
Ag_Fe_N_din4_x2_c3_d_v2,-630.145,Ag,Fe,N,din4,N_din4_x2_c3_d,N_din4_x2_c3_d_v2,3,Ag_N_din4_x2_c3_d_v2,din4_x2,Fe_N_din4_x2_c3_d_v2,N_din4_x2_c3_d,-617.226,N,din4,-3.20700575,-8.6197175,-1.092276749999982
Au_Fe_N_din4_x2_c3_d_v2,-631.854,Au,Fe,N,din4,N_din4_x2_c3_d,N_din4_x2_c3_d_v2,3,Au_N_din4_x2_c3_d_v2,din4_x2,Fe_N_din4_x2_c3_d_v2,N_din4_x2_c3_d,-617.226,N,din4,-3.8767095,-8.6197175,-2.131573000000042
Cd_Fe_N_din4_x2_c3_d_v2,-629.596,Cd,Fe,N,din4,N_din4_x2_c3_d,N_din4_x2_c3_d_v2,3,Cd_N_din4_x2_c3_d_v2,din4_x2,Fe_N_din4_x2_c3_d_v2,N_din4_x2_c3_d,-617.226,N,din4,-1.2330587,-8.6197175,-2.5172238000000036
Co_Fe_N_din4_x2_c3_d_v2,-637.091,Co,Fe,N,din4,N_din4_x2_c3_d,N_din4_x2_c3_d_v2,3,Co_N_din4_x2_c3_d_v2,din4_x2,Fe_N_din4_x2_c3_d_v2,N_din4_x2_c3_d,-617.226,N,din4,-7.3844395,-8.6197175,-3.86084300000001
Cu_Fe_N_din4_x2_c3_d_v2,-632.845,Cu,Fe,N,din4,N_din4_x2_c3_d,N_din4_x2_c3_d_v2,3,Cu_N_din4_x2_c3_d_v2,din4_x2,Fe_N_din4_x2_c3_d_v2,N_din4_x2_c3_d,-617.226,N,din4,-4.23458825,-8.6197175,-2.764694250000028
Fe_Fe_N_din4_x2_c3_d_v2,-638.163,Fe,Fe,N,din4,N_din4_x2_c3_d,N_din4_x2_c3_d_v2,3,Fe_N_din4_x2_c3_d_v2,din4_x2,Fe_N_din4_x2_c3_d_v2,N_din4_x2_c3_d,-617.226,N,din4,-8.6197175,-8.6197175,-3.697565000000011
Ir_Fe_N_din4_x2_c3_d_v2,-638.311,Ir,Fe,N,din4,N_din4_x2_c3_d,N_din4_x2_c3_d_v2,3,Ir_N_din4_x2_c3_d_v2,din4_x2,Fe_N_din4_x2_c3_d_v2,N_din4_x2_c3_d,-617.226,N,din4,-9.56008375,-8.6197175,-2.905198750000036
Ni_Fe_N_din4_x2_c3_d_v2,-635.791,Ni,Fe,N,din4,N_din4_x2_c3_d,N_din4_x2_c3_d_v2,3,Ni_N_din4_x2_c3_d_v2,din4_x2,Fe_N_din4_x2_c3_d_v2,N_din4_x2_c3_d,-617.226,N,din4,-5.86878875,-8.6197175,-4.076493750000054
Os_Fe_N_din4_x2_c3_d_v2,-639.927,Os,Fe,N,din4,N_din4_x2_c3_d,N_din4_x2_c3_d_v2,3,Os_N_din4_x2_c3_d_v2,din4_x2,Fe_N_din4_x2_c3_d_v2,N_din4_x2_c3_d,-617.226,N,din4,-11.839378,-8.6197175,-2.2419045000000217
Pd_Fe_N_din4_x2_c3_d_v2,-634.474,Pd,Fe,N,din4,N_din4_x2_c3_d,N_din4_x2_c3_d_v2,3,Pd_N_din4_x2_c3_d_v2,din4_x2,Fe_N_din4_x2_c3_d_v2,N_din4_x2_c3_d,-617.226,N,din4,-5.79450325,-8.6197175,-2.833779250000047
Pt_Fe_N_din4_x2_c3_d_v2,-636.254,Pt,Fe,N,din4,N_din4_x2_c3_d,N_din4_x2_c3_d_v2,3,Pt_N_din4_x2_c3_d_v2,din4_x2,Fe_N_din4_x2_c3_d_v2,N_din4_x2_c3_d,-617.226,N,din4,-6.8665185,-8.6197175,-3.54176400000002
Rh_Fe_N_din4_x2_c3_d_v2,-636.472,Rh,Fe,N,din4,N_din4_x2_c3_d,N_din4_x2_c3_d_v2,3,Rh_N_din4_x2_c3_d_v2,din4_x2,Fe_N_din4_x2_c3_d_v2,N_din4_x2_c3_d,-617.226,N,din4,-7.850822,-8.6197175,-2.77546049999998
Ru_Fe_N_din4_x2_c3_d_v2,-638.013,Ru,Fe,N,din4,N_din4_x2_c3_d,N_din4_x2_c3_d_v2,3,Ru_N_din4_x2_c3_d_v2,din4_x2,Fe_N_din4_x2_c3_d_v2,N_din4_x2_c3_d,-617.226,N,din4,-9.8124665,-8.6197175,-2.354816000000035
Zn_Fe_N_din4_x2_c3_d_v2,-629.261,Zn,Fe,N,din4,N_din4_x2_c3_d,N_din4_x2_c3_d_v2,3,Zn_N_din4_x2_c3_d_v2,din4_x2,Fe_N_din4_x2_c3_d_v2,N_din4_x2_c3_d,-617.226,N,din4,-1.61724415,-8.6197175,-1.7980383499999686
Cd_Fe_N_din4_x2_c4_a,-627.446,Cd,Fe,N,din4,N_din4_x2_c4_a,N_din4_x2_c4_a,4,Cd_N_din4_x2_c4_a,din4_x2,Fe_N_din4_x2_c4_a,N_din4_x2_c4_a,-616.114,N,din4,-1.2330587,-8.6197175,-1.4792237999999929
Rh_Fe_N_din4_x2_c4_a,-636.274,Rh,Fe,N,din4,N_din4_x2_c4_a,N_din4_x2_c4_a,4,Rh_N_din4_x2_c4_a,din4_x2,Fe_N_din4_x2_c4_a,N_din4_x2_c4_a,-616.114,N,din4,-7.850822,-8.6197175,-3.689460499999967
Ag_Fe_N_din4_x2_c4_a_v2,-630.15,Ag,Fe,N,din4,N_din4_x2_c4_a,N_din4_x2_c4_a_v2,4,Ag_N_din4_x2_c4_a_v2,din4_x2,Fe_N_din4_x2_c4_a_v2,N_din4_x2_c4_a,-616.114,N,din4,-3.20700575,-8.6197175,-2.209276749999944
Au_Fe_N_din4_x2_c4_a_v2,-631.512,Au,Fe,N,din4,N_din4_x2_c4_a,N_din4_x2_c4_a_v2,4,Au_N_din4_x2_c4_a_v2,din4_x2,Fe_N_din4_x2_c4_a_v2,N_din4_x2_c4_a,-616.114,N,din4,-3.8767095,-8.6197175,-2.9015729999999103
Cd_Fe_N_din4_x2_c4_a_v2,-627.617,Cd,Fe,N,din4,N_din4_x2_c4_a,N_din4_x2_c4_a_v2,4,Cd_N_din4_x2_c4_a_v2,din4_x2,Fe_N_din4_x2_c4_a_v2,N_din4_x2_c4_a,-616.114,N,din4,-1.2330587,-8.6197175,-1.650223799999928
Co_Fe_N_din4_x2_c4_a_v2,-636.766,Co,Fe,N,din4,N_din4_x2_c4_a,N_din4_x2_c4_a_v2,4,Co_N_din4_x2_c4_a_v2,din4_x2,Fe_N_din4_x2_c4_a_v2,N_din4_x2_c4_a,-616.114,N,din4,-7.3844395,-8.6197175,-4.647842999999931
Cu_Fe_N_din4_x2_c4_a_v2,-630.192,Cu,Fe,N,din4,N_din4_x2_c4_a,N_din4_x2_c4_a_v2,4,Cu_N_din4_x2_c4_a_v2,din4_x2,Fe_N_din4_x2_c4_a_v2,N_din4_x2_c4_a,-616.114,N,din4,-4.23458825,-8.6197175,-1.2236942499999746
Fe_Fe_N_din4_x2_c4_a_v2,-637.87,Fe,Fe,N,din4,N_din4_x2_c4_a,N_din4_x2_c4_a_v2,4,Fe_N_din4_x2_c4_a_v2,din4_x2,Fe_N_din4_x2_c4_a_v2,N_din4_x2_c4_a,-616.114,N,din4,-8.6197175,-8.6197175,-4.5165649999999715
Ir_Fe_N_din4_x2_c4_a_v2,-638.051,Ir,Fe,N,din4,N_din4_x2_c4_a,N_din4_x2_c4_a_v2,4,Ir_N_din4_x2_c4_a_v2,din4_x2,Fe_N_din4_x2_c4_a_v2,N_din4_x2_c4_a,-616.114,N,din4,-9.56008375,-8.6197175,-3.7571987500000112
Ni_Fe_N_din4_x2_c4_a_v2,-635.426,Ni,Fe,N,din4,N_din4_x2_c4_a,N_din4_x2_c4_a_v2,4,Ni_N_din4_x2_c4_a_v2,din4_x2,Fe_N_din4_x2_c4_a_v2,N_din4_x2_c4_a,-616.114,N,din4,-5.86878875,-8.6197175,-4.8234937500000115
Os_Fe_N_din4_x2_c4_a_v2,-637.346,Os,Fe,N,din4,N_din4_x2_c4_a,N_din4_x2_c4_a_v2,4,Os_N_din4_x2_c4_a_v2,din4_x2,Fe_N_din4_x2_c4_a_v2,N_din4_x2_c4_a,-616.114,N,din4,-11.839378,-8.6197175,-0.7729044999999708
Pd_Fe_N_din4_x2_c4_a_v2,-634.314,Pd,Fe,N,din4,N_din4_x2_c4_a,N_din4_x2_c4_a_v2,4,Pd_N_din4_x2_c4_a_v2,din4_x2,Fe_N_din4_x2_c4_a_v2,N_din4_x2_c4_a,-616.114,N,din4,-5.79450325,-8.6197175,-3.785779249999932
Pt_Fe_N_din4_x2_c4_a_v2,-635.863,Pt,Fe,N,din4,N_din4_x2_c4_a,N_din4_x2_c4_a_v2,4,Pt_N_din4_x2_c4_a_v2,din4_x2,Fe_N_din4_x2_c4_a_v2,N_din4_x2_c4_a,-616.114,N,din4,-6.8665185,-8.6197175,-4.262764000000024
Rh_Fe_N_din4_x2_c4_a_v2,-636.384,Rh,Fe,N,din4,N_din4_x2_c4_a,N_din4_x2_c4_a_v2,4,Rh_N_din4_x2_c4_a_v2,din4_x2,Fe_N_din4_x2_c4_a_v2,N_din4_x2_c4_a,-616.114,N,din4,-7.850822,-8.6197175,-3.799460499999981
Ru_Fe_N_din4_x2_c4_a_v2,-637.623,Ru,Fe,N,din4,N_din4_x2_c4_a,N_din4_x2_c4_a_v2,4,Ru_N_din4_x2_c4_a_v2,din4_x2,Fe_N_din4_x2_c4_a_v2,N_din4_x2_c4_a,-616.114,N,din4,-9.8124665,-8.6197175,-3.076816000000015
Zn_Fe_N_din4_x2_c4_a_v2,-628.018,Zn,Fe,N,din4,N_din4_x2_c4_a,N_din4_x2_c4_a_v2,4,Zn_N_din4_x2_c4_a_v2,din4_x2,Fe_N_din4_x2_c4_a_v2,N_din4_x2_c4_a,-616.114,N,din4,-1.61724415,-8.6197175,-1.6670383499999968
Rh_Fe_N_din4_x2_c4_b,-635.808,Rh,Fe,N,din4,N_din4_x2_c4_b,N_din4_x2_c4_b,4,Rh_N_din4_x2_c4_b,din4_x2,Fe_N_din4_x2_c4_b,N_din4_x2_c4_b,-614.673,N,din4,-7.850822,-8.6197175,-4.66446049999999
Ni_Fe_N_din4_x2_c4_c,-635.237,Ni,Fe,N,din4,N_din4_x2_c4_c,N_din4_x2_c4_c,4,Ni_N_din4_x2_c4_c,din4_x2,Fe_N_din4_x2_c4_c,N_din4_x2_c4_c,-616.165,N,din4,-5.86878875,-8.6197175,-4.583493750000002
Ag_Fe_N_din4_x2_c4_c_v2,-630.078,Ag,Fe,N,din4,N_din4_x2_c4_c,N_din4_x2_c4_c_v2,4,Ag_N_din4_x2_c4_c_v2,din4_x2,Fe_N_din4_x2_c4_c_v2,N_din4_x2_c4_c,-616.165,N,din4,-3.20700575,-8.6197175,-2.0862767500000103
Au_Fe_N_din4_x2_c4_c_v2,-631.69,Au,Fe,N,din4,N_din4_x2_c4_c,N_din4_x2_c4_c_v2,4,Au_N_din4_x2_c4_c_v2,din4_x2,Fe_N_din4_x2_c4_c_v2,N_din4_x2_c4_c,-616.165,N,din4,-3.8767095,-8.6197175,-3.0285730000000903
Cd_Fe_N_din4_x2_c4_c_v2,-629.105,Cd,Fe,N,din4,N_din4_x2_c4_c,N_din4_x2_c4_c_v2,4,Cd_N_din4_x2_c4_c_v2,din4_x2,Fe_N_din4_x2_c4_c_v2,N_din4_x2_c4_c,-616.165,N,din4,-1.2330587,-8.6197175,-3.0872238000000536
Co_Fe_N_din4_x2_c4_c_v2,-636.606,Co,Fe,N,din4,N_din4_x2_c4_c,N_din4_x2_c4_c_v2,4,Co_N_din4_x2_c4_c_v2,din4_x2,Fe_N_din4_x2_c4_c_v2,N_din4_x2_c4_c,-616.165,N,din4,-7.3844395,-8.6197175,-4.436843000000032
Cu_Fe_N_din4_x2_c4_c_v2,-632.709,Cu,Fe,N,din4,N_din4_x2_c4_c,N_din4_x2_c4_c_v2,4,Cu_N_din4_x2_c4_c_v2,din4_x2,Fe_N_din4_x2_c4_c_v2,N_din4_x2_c4_c,-616.165,N,din4,-4.23458825,-8.6197175,-3.6896942499999823
Fe_Fe_N_din4_x2_c4_c_v2,-637.659,Fe,Fe,N,din4,N_din4_x2_c4_c,N_din4_x2_c4_c_v2,4,Fe_N_din4_x2_c4_c_v2,din4_x2,Fe_N_din4_x2_c4_c_v2,N_din4_x2_c4_c,-616.165,N,din4,-8.6197175,-8.6197175,-4.254565000000028
Ir_Fe_N_din4_x2_c4_c_v2,-637.924,Ir,Fe,N,din4,N_din4_x2_c4_c,N_din4_x2_c4_c_v2,4,Ir_N_din4_x2_c4_c_v2,din4_x2,Fe_N_din4_x2_c4_c_v2,N_din4_x2_c4_c,-616.165,N,din4,-9.56008375,-8.6197175,-3.579198750000014
Ni_Fe_N_din4_x2_c4_c_v2,-635.337,Ni,Fe,N,din4,N_din4_x2_c4_c,N_din4_x2_c4_c_v2,4,Ni_N_din4_x2_c4_c_v2,din4_x2,Fe_N_din4_x2_c4_c_v2,N_din4_x2_c4_c,-616.165,N,din4,-5.86878875,-8.6197175,-4.683493750000025
Os_Fe_N_din4_x2_c4_c_v2,-639.646,Os,Fe,N,din4,N_din4_x2_c4_c,N_din4_x2_c4_c_v2,4,Os_N_din4_x2_c4_c_v2,din4_x2,Fe_N_din4_x2_c4_c_v2,N_din4_x2_c4_c,-616.165,N,din4,-11.839378,-8.6197175,-3.0219044999999944
Pd_Fe_N_din4_x2_c4_c_v2,-634.058,Pd,Fe,N,din4,N_din4_x2_c4_c,N_din4_x2_c4_c_v2,4,Pd_N_din4_x2_c4_c_v2,din4_x2,Fe_N_din4_x2_c4_c_v2,N_din4_x2_c4_c,-616.165,N,din4,-5.79450325,-8.6197175,-3.478779250000029
Pt_Fe_N_din4_x2_c4_c_v2,-635.867,Pt,Fe,N,din4,N_din4_x2_c4_c,N_din4_x2_c4_c_v2,4,Pt_N_din4_x2_c4_c_v2,din4_x2,Fe_N_din4_x2_c4_c_v2,N_din4_x2_c4_c,-616.165,N,din4,-6.8665185,-8.6197175,-4.215763999999998
Rh_Fe_N_din4_x2_c4_c_v2,-636.124,Rh,Fe,N,din4,N_din4_x2_c4_c,N_din4_x2_c4_c_v2,4,Rh_N_din4_x2_c4_c_v2,din4_x2,Fe_N_din4_x2_c4_c_v2,N_din4_x2_c4_c,-616.165,N,din4,-7.850822,-8.6197175,-3.488460500000059
Ru_Fe_N_din4_x2_c4_c_v2,-637.701,Ru,Fe,N,din4,N_din4_x2_c4_c,N_din4_x2_c4_c_v2,4,Ru_N_din4_x2_c4_c_v2,din4_x2,Fe_N_din4_x2_c4_c_v2,N_din4_x2_c4_c,-616.165,N,din4,-9.8124665,-8.6197175,-3.1038160000000588
Zn_Fe_N_din4_x2_c4_c_v2,-629.177,Zn,Fe,N,din4,N_din4_x2_c4_c,N_din4_x2_c4_c_v2,4,Zn_N_din4_x2_c4_c_v2,din4_x2,Fe_N_din4_x2_c4_c_v2,N_din4_x2_c4_c,-616.165,N,din4,-1.61724415,-8.6197175,-2.7750383500000577
Ag_Fe_N_din4_x2_c4_d_v2,-630.1,Ag,Fe,N,din4,N_din4_x2_c4_d,N_din4_x2_c4_d_v2,4,Ag_N_din4_x2_c4_d_v2,din4_x2,Fe_N_din4_x2_c4_d_v2,N_din4_x2_c4_d,-615.945,N,din4,-3.20700575,-8.6197175,-2.328276749999972
Au_Fe_N_din4_x2_c4_d_v2,-631.491,Au,Fe,N,din4,N_din4_x2_c4_d,N_din4_x2_c4_d_v2,4,Au_N_din4_x2_c4_d_v2,din4_x2,Fe_N_din4_x2_c4_d_v2,N_din4_x2_c4_d,-615.945,N,din4,-3.8767095,-8.6197175,-3.049572999999935
Cd_Fe_N_din4_x2_c4_d_v2,-627.64,Cd,Fe,N,din4,N_din4_x2_c4_d,N_din4_x2_c4_d_v2,4,Cd_N_din4_x2_c4_d_v2,din4_x2,Fe_N_din4_x2_c4_d_v2,N_din4_x2_c4_d,-615.945,N,din4,-1.2330587,-8.6197175,-1.8422237999999351
Co_Fe_N_din4_x2_c4_d_v2,-636.405,Co,Fe,N,din4,N_din4_x2_c4_d,N_din4_x2_c4_d_v2,4,Co_N_din4_x2_c4_d_v2,din4_x2,Fe_N_din4_x2_c4_d_v2,N_din4_x2_c4_d,-615.945,N,din4,-7.3844395,-8.6197175,-4.455842999999923
Cu_Fe_N_din4_x2_c4_d_v2,-632.738,Cu,Fe,N,din4,N_din4_x2_c4_d,N_din4_x2_c4_d_v2,4,Cu_N_din4_x2_c4_d_v2,din4_x2,Fe_N_din4_x2_c4_d_v2,N_din4_x2_c4_d,-615.945,N,din4,-4.23458825,-8.6197175,-3.9386942500000064
Fe_Fe_N_din4_x2_c4_d_v2,-637.456,Fe,Fe,N,din4,N_din4_x2_c4_d,N_din4_x2_c4_d_v2,4,Fe_N_din4_x2_c4_d_v2,din4_x2,Fe_N_din4_x2_c4_d_v2,N_din4_x2_c4_d,-615.945,N,din4,-8.6197175,-8.6197175,-4.271564999999967
Ir_Fe_N_din4_x2_c4_d_v2,-637.576,Ir,Fe,N,din4,N_din4_x2_c4_d,N_din4_x2_c4_d_v2,4,Ir_N_din4_x2_c4_d_v2,din4_x2,Fe_N_din4_x2_c4_d_v2,N_din4_x2_c4_d,-615.945,N,din4,-9.56008375,-8.6197175,-3.4511987499999712
Ni_Fe_N_din4_x2_c4_d_v2,-635.29,Ni,Fe,N,din4,N_din4_x2_c4_d,N_din4_x2_c4_d_v2,4,Ni_N_din4_x2_c4_d_v2,din4_x2,Fe_N_din4_x2_c4_d_v2,N_din4_x2_c4_d,-615.945,N,din4,-5.86878875,-8.6197175,-4.856493749999913
Os_Fe_N_din4_x2_c4_d_v2,-637.898,Os,Fe,N,din4,N_din4_x2_c4_d,N_din4_x2_c4_d_v2,4,Os_N_din4_x2_c4_d_v2,din4_x2,Fe_N_din4_x2_c4_d_v2,N_din4_x2_c4_d,-615.945,N,din4,-11.839378,-8.6197175,-1.4939044999999744
Pd_Fe_N_din4_x2_c4_d_v2,-634.037,Pd,Fe,N,din4,N_din4_x2_c4_d,N_din4_x2_c4_d_v2,4,Pd_N_din4_x2_c4_d_v2,din4_x2,Fe_N_din4_x2_c4_d_v2,N_din4_x2_c4_d,-615.945,N,din4,-5.79450325,-8.6197175,-3.677779249999984
Pt_Fe_N_din4_x2_c4_d_v2,-635.665,Pt,Fe,N,din4,N_din4_x2_c4_d,N_din4_x2_c4_d_v2,4,Pt_N_din4_x2_c4_d_v2,din4_x2,Fe_N_din4_x2_c4_d_v2,N_din4_x2_c4_d,-615.945,N,din4,-6.8665185,-8.6197175,-4.233763999999914
Rh_Fe_N_din4_x2_c4_d_v2,-635.866,Rh,Fe,N,din4,N_din4_x2_c4_d,N_din4_x2_c4_d_v2,4,Rh_N_din4_x2_c4_d_v2,din4_x2,Fe_N_din4_x2_c4_d_v2,N_din4_x2_c4_d,-615.945,N,din4,-7.850822,-8.6197175,-3.4504604999999344
Ru_Fe_N_din4_x2_c4_d_v2,-637.442,Ru,Fe,N,din4,N_din4_x2_c4_d,N_din4_x2_c4_d_v2,4,Ru_N_din4_x2_c4_d_v2,din4_x2,Fe_N_din4_x2_c4_d_v2,N_din4_x2_c4_d,-615.945,N,din4,-9.8124665,-8.6197175,-3.064815999999958
Zn_Fe_N_din4_x2_c4_d_v2,-628.909,Zn,Fe,N,din4,N_din4_x2_c4_d,N_din4_x2_c4_d_v2,4,Zn_N_din4_x2_c4_d_v2,din4_x2,Fe_N_din4_x2_c4_d_v2,N_din4_x2_c4_d,-615.945,N,din4,-1.61724415,-8.6197175,-2.727038349999942
Ag_Fe_N_din4_x2_c4_e,-630.03,Ag,Fe,N,din4,N_din4_x2_c4_e,N_din4_x2_c4_e,4,Ag_N_din4_x2_c4_e,din4_x2,Fe_N_din4_x2_c4_e,N_din4_x2_c4_e,-615.582,N,din4,-3.20700575,-8.6197175,-2.6212767499999785
Cd_Fe_N_din4_x2_c4_e,-627.282,Cd,Fe,N,din4,N_din4_x2_c4_e,N_din4_x2_c4_e,4,Cd_N_din4_x2_c4_e,din4_x2,Fe_N_din4_x2_c4_e,N_din4_x2_c4_e,-615.582,N,din4,-1.2330587,-8.6197175,-1.8472238000000445
Rh_Fe_N_din4_x2_c4_e,-636.358,Rh,Fe,N,din4,N_din4_x2_c4_e,N_din4_x2_c4_e,4,Rh_N_din4_x2_c4_e,din4_x2,Fe_N_din4_x2_c4_e,N_din4_x2_c4_e,-615.582,N,din4,-7.850822,-8.6197175,-4.305460499999953
Ag_Fe_N_din4_x2_c4_f,-609.724,Ag,Fe,N,din4,N_din4_x2_c4_f,N_din4_x2_c4_f,4,Ag_N_din4_x2_c4_f,din4_x2,Fe_N_din4_x2_c4_f,N_din4_x2_c4_f,-617.076,N,din4,-3.20700575,-8.6197175,19.178723249999976
Au_Fe_N_din4_x2_c4_f,-610.729,Au,Fe,N,din4,N_din4_x2_c4_f,N_din4_x2_c4_f,4,Au_N_din4_x2_c4_f,din4_x2,Fe_N_din4_x2_c4_f,N_din4_x2_c4_f,-617.076,N,din4,-3.8767095,-8.6197175,18.84342699999998
Cd_Fe_N_din4_x2_c4_f,-610.359,Cd,Fe,N,din4,N_din4_x2_c4_f,N_din4_x2_c4_f,4,Cd_N_din4_x2_c4_f,din4_x2,Fe_N_din4_x2_c4_f,N_din4_x2_c4_f,-617.076,N,din4,-1.2330587,-8.6197175,16.569776199999986
Co_Fe_N_din4_x2_c4_f,-613.685,Co,Fe,N,din4,N_din4_x2_c4_f,N_din4_x2_c4_f,4,Co_N_din4_x2_c4_f,din4_x2,Fe_N_din4_x2_c4_f,N_din4_x2_c4_f,-617.076,N,din4,-7.3844395,-8.6197175,19.395157000000076
Cu_Fe_N_din4_x2_c4_f,-611.341,Cu,Fe,N,din4,N_din4_x2_c4_f,N_din4_x2_c4_f,4,Cu_N_din4_x2_c4_f,din4_x2,Fe_N_din4_x2_c4_f,N_din4_x2_c4_f,-617.076,N,din4,-4.23458825,-8.6197175,18.589305750000015
Fe_Fe_N_din4_x2_c4_f,-615.272,Fe,Fe,N,din4,N_din4_x2_c4_f,N_din4_x2_c4_f,4,Fe_N_din4_x2_c4_f,din4_x2,Fe_N_din4_x2_c4_f,N_din4_x2_c4_f,-617.076,N,din4,-8.6197175,-8.6197175,19.043434999999977
Ir_Fe_N_din4_x2_c4_f,-614.863,Ir,Fe,N,din4,N_din4_x2_c4_f,N_din4_x2_c4_f,4,Ir_N_din4_x2_c4_f,din4_x2,Fe_N_din4_x2_c4_f,N_din4_x2_c4_f,-617.076,N,din4,-9.56008375,-8.6197175,20.39280124999997
Ni_Fe_N_din4_x2_c4_f,-612.418,Ni,Fe,N,din4,N_din4_x2_c4_f,N_din4_x2_c4_f,4,Ni_N_din4_x2_c4_f,din4_x2,Fe_N_din4_x2_c4_f,N_din4_x2_c4_f,-617.076,N,din4,-5.86878875,-8.6197175,19.146506250000016
Os_Fe_N_din4_x2_c4_f,-615.98,Os,Fe,N,din4,N_din4_x2_c4_f,N_din4_x2_c4_f,4,Os_N_din4_x2_c4_f,din4_x2,Fe_N_din4_x2_c4_f,N_din4_x2_c4_f,-617.076,N,din4,-11.839378,-8.6197175,21.555095500000004
Pd_Fe_N_din4_x2_c4_f,-611.377,Pd,Fe,N,din4,N_din4_x2_c4_f,N_din4_x2_c4_f,4,Pd_N_din4_x2_c4_f,din4_x2,Fe_N_din4_x2_c4_f,N_din4_x2_c4_f,-617.076,N,din4,-5.79450325,-8.6197175,20.113220750000067
Pt_Fe_N_din4_x2_c4_f,-613.641,Pt,Fe,N,din4,N_din4_x2_c4_f,N_din4_x2_c4_f,4,Pt_N_din4_x2_c4_f,din4_x2,Fe_N_din4_x2_c4_f,N_din4_x2_c4_f,-617.076,N,din4,-6.8665185,-8.6197175,18.921236000000057
Rh_Fe_N_din4_x2_c4_f,-613.094,Rh,Fe,N,din4,N_din4_x2_c4_f,N_din4_x2_c4_f,4,Rh_N_din4_x2_c4_f,din4_x2,Fe_N_din4_x2_c4_f,N_din4_x2_c4_f,-617.076,N,din4,-7.850822,-8.6197175,20.452539499999972
Ru_Fe_N_din4_x2_c4_f,-615.093,Ru,Fe,N,din4,N_din4_x2_c4_f,N_din4_x2_c4_f,4,Ru_N_din4_x2_c4_f,din4_x2,Fe_N_din4_x2_c4_f,N_din4_x2_c4_f,-617.076,N,din4,-9.8124665,-8.6197175,20.41518400000006
Zn_Fe_N_din4_x2_c4_f,-609.737,Zn,Fe,N,din4,N_din4_x2_c4_f,N_din4_x2_c4_f,4,Zn_N_din4_x2_c4_f,din4_x2,Fe_N_din4_x2_c4_f,N_din4_x2_c4_f,-617.076,N,din4,-1.61724415,-8.6197175,17.575961650000053
Ag_Fe_N_din4_x2_c4_f_v2,-630.206,Ag,Fe,N,din4,N_din4_x2_c4_f,N_din4_x2_c4_f_v2,4,Ag_N_din4_x2_c4_f_v2,din4_x2,Fe_N_din4_x2_c4_f_v2,N_din4_x2_c4_f,-617.076,N,din4,-3.20700575,-8.6197175,-1.3032767499999949
Au_Fe_N_din4_x2_c4_f_v2,-631.507,Au,Fe,N,din4,N_din4_x2_c4_f,N_din4_x2_c4_f_v2,4,Au_N_din4_x2_c4_f_v2,din4_x2,Fe_N_din4_x2_c4_f_v2,N_din4_x2_c4_f,-617.076,N,din4,-3.8767095,-8.6197175,-1.9345729999999255
Cd_Fe_N_din4_x2_c4_f_v2,-628.495,Cd,Fe,N,din4,N_din4_x2_c4_f,N_din4_x2_c4_f_v2,4,Cd_N_din4_x2_c4_f_v2,din4_x2,Fe_N_din4_x2_c4_f_v2,N_din4_x2_c4_f,-617.076,N,din4,-1.2330587,-8.6197175,-1.5662237999999815
Co_Fe_N_din4_x2_c4_f_v2,-635.829,Co,Fe,N,din4,N_din4_x2_c4_f,N_din4_x2_c4_f_v2,4,Co_N_din4_x2_c4_f_v2,din4_x2,Fe_N_din4_x2_c4_f_v2,N_din4_x2_c4_f,-617.076,N,din4,-7.3844395,-8.6197175,-2.7488429999999298
Cu_Fe_N_din4_x2_c4_f_v2,-632.214,Cu,Fe,N,din4,N_din4_x2_c4_f,N_din4_x2_c4_f_v2,4,Cu_N_din4_x2_c4_f_v2,din4_x2,Fe_N_din4_x2_c4_f_v2,N_din4_x2_c4_f,-617.076,N,din4,-4.23458825,-8.6197175,-2.2836942500000337
Fe_Fe_N_din4_x2_c4_f_v2,-636.863,Fe,Fe,N,din4,N_din4_x2_c4_f,N_din4_x2_c4_f_v2,4,Fe_N_din4_x2_c4_f_v2,din4_x2,Fe_N_din4_x2_c4_f_v2,N_din4_x2_c4_f,-617.076,N,din4,-8.6197175,-8.6197175,-2.5475650000000343
Ir_Fe_N_din4_x2_c4_f_v2,-637.271,Ir,Fe,N,din4,N_din4_x2_c4_f,N_din4_x2_c4_f_v2,4,Ir_N_din4_x2_c4_f_v2,din4_x2,Fe_N_din4_x2_c4_f_v2,N_din4_x2_c4_f,-617.076,N,din4,-9.56008375,-8.6197175,-2.015198749999936
Ni_Fe_N_din4_x2_c4_f_v2,-634.753,Ni,Fe,N,din4,N_din4_x2_c4_f,N_din4_x2_c4_f_v2,4,Ni_N_din4_x2_c4_f_v2,din4_x2,Fe_N_din4_x2_c4_f_v2,N_din4_x2_c4_f,-617.076,N,din4,-5.86878875,-8.6197175,-3.188493750000021
Os_Fe_N_din4_x2_c4_f_v2,-638.379,Os,Fe,N,din4,N_din4_x2_c4_f,N_din4_x2_c4_f_v2,4,Os_N_din4_x2_c4_f_v2,din4_x2,Fe_N_din4_x2_c4_f_v2,N_din4_x2_c4_f,-617.076,N,din4,-11.839378,-8.6197175,-0.8439044999999972
Pd_Fe_N_din4_x2_c4_f_v2,-634.199,Pd,Fe,N,din4,N_din4_x2_c4_f,N_din4_x2_c4_f_v2,4,Pd_N_din4_x2_c4_f_v2,din4_x2,Fe_N_din4_x2_c4_f_v2,N_din4_x2_c4_f,-617.076,N,din4,-5.79450325,-8.6197175,-2.7087792499999335
Pt_Fe_N_din4_x2_c4_f_v2,-635.477,Pt,Fe,N,din4,N_din4_x2_c4_f,N_din4_x2_c4_f_v2,4,Pt_N_din4_x2_c4_f_v2,din4_x2,Fe_N_din4_x2_c4_f_v2,N_din4_x2_c4_f,-617.076,N,din4,-6.8665185,-8.6197175,-2.9147639999999537
Rh_Fe_N_din4_x2_c4_f_v2,-636.024,Rh,Fe,N,din4,N_din4_x2_c4_f,N_din4_x2_c4_f_v2,4,Rh_N_din4_x2_c4_f_v2,din4_x2,Fe_N_din4_x2_c4_f_v2,N_din4_x2_c4_f,-617.076,N,din4,-7.850822,-8.6197175,-2.477460499999978
Ru_Fe_N_din4_x2_c4_f_v2,-637.046,Ru,Fe,N,din4,N_din4_x2_c4_f,N_din4_x2_c4_f_v2,4,Ru_N_din4_x2_c4_f_v2,din4_x2,Fe_N_din4_x2_c4_f_v2,N_din4_x2_c4_f,-617.076,N,din4,-9.8124665,-8.6197175,-1.5378160000000278
Zn_Fe_N_din4_x2_c4_f_v2,-629.673,Zn,Fe,N,din4,N_din4_x2_c4_f,N_din4_x2_c4_f_v2,4,Zn_N_din4_x2_c4_f_v2,din4_x2,Fe_N_din4_x2_c4_f_v2,N_din4_x2_c4_f,-617.076,N,din4,-1.61724415,-8.6197175,-2.3600383499999804
Ag_Fe_N_din4_x2_c5_a,-629.842,Ag,Fe,N,din4,N_din4_x2_c5_a,N_din4_x2_c5_a,5,Ag_N_din4_x2_c5_a,din4_x2,Fe_N_din4_x2_c5_a,N_din4_x2_c5_a,-614.849,N,din4,-3.20700575,-8.6197175,-3.1662767499999376
Cd_Fe_N_din4_x2_c5_a,-627.273,Cd,Fe,N,din4,N_din4_x2_c5_a,N_din4_x2_c5_a,5,Cd_N_din4_x2_c5_a,din4_x2,Fe_N_din4_x2_c5_a,N_din4_x2_c5_a,-614.849,N,din4,-1.2330587,-8.6197175,-2.571223799999977
Co_Fe_N_din4_x2_c5_a,-636.085,Co,Fe,N,din4,N_din4_x2_c5_a,N_din4_x2_c5_a,5,Co_N_din4_x2_c5_a,din4_x2,Fe_N_din4_x2_c5_a,N_din4_x2_c5_a,-614.849,N,din4,-7.3844395,-8.6197175,-5.231842999999991
Cu_Fe_N_din4_x2_c5_a,-632.42,Cu,Fe,N,din4,N_din4_x2_c5_a,N_din4_x2_c5_a,5,Cu_N_din4_x2_c5_a,din4_x2,Fe_N_din4_x2_c5_a,N_din4_x2_c5_a,-614.849,N,din4,-4.23458825,-8.6197175,-4.716694249999913
Fe_Fe_N_din4_x2_c5_a,-637.135,Fe,Fe,N,din4,N_din4_x2_c5_a,N_din4_x2_c5_a,5,Fe_N_din4_x2_c5_a,din4_x2,Fe_N_din4_x2_c5_a,N_din4_x2_c5_a,-614.849,N,din4,-8.6197175,-8.6197175,-5.046564999999944
Ir_Fe_N_din4_x2_c5_a,-637.457,Ir,Fe,N,din4,N_din4_x2_c5_a,N_din4_x2_c5_a,5,Ir_N_din4_x2_c5_a,din4_x2,Fe_N_din4_x2_c5_a,N_din4_x2_c5_a,-614.849,N,din4,-9.56008375,-8.6197175,-4.428198749999947
Rh_Fe_N_din4_x2_c5_a,-635.707,Rh,Fe,N,din4,N_din4_x2_c5_a,N_din4_x2_c5_a,5,Rh_N_din4_x2_c5_a,din4_x2,Fe_N_din4_x2_c5_a,N_din4_x2_c5_a,-614.849,N,din4,-7.850822,-8.6197175,-4.387460499999946
Ir_Fe_N_din4_x2_c5_b,-634.357,Ir,Fe,N,din4,N_din4_x2_c5_b,N_din4_x2_c5_b,5,Ir_N_din4_x2_c5_b,din4_x2,Fe_N_din4_x2_c5_b,N_din4_x2_c5_b,-614.569,N,din4,-9.56008375,-8.6197175,-1.6081987500000103
Ag_Fe_N_din4_x2_c5_b_v2,-629.754,Ag,Fe,N,din4,N_din4_x2_c5_b,N_din4_x2_c5_b_v2,5,Ag_N_din4_x2_c5_b_v2,din4_x2,Fe_N_din4_x2_c5_b_v2,N_din4_x2_c5_b,-614.569,N,din4,-3.20700575,-8.6197175,-3.3582767500000585
Au_Fe_N_din4_x2_c5_b_v2,-631.439,Au,Fe,N,din4,N_din4_x2_c5_b,N_din4_x2_c5_b_v2,5,Au_N_din4_x2_c5_b_v2,din4_x2,Fe_N_din4_x2_c5_b_v2,N_din4_x2_c5_b,-614.569,N,din4,-3.8767095,-8.6197175,-4.373573000000004
Cd_Fe_N_din4_x2_c5_b_v2,-619.791,Cd,Fe,N,din4,N_din4_x2_c5_b,N_din4_x2_c5_b_v2,5,Cd_N_din4_x2_c5_b_v2,din4_x2,Fe_N_din4_x2_c5_b_v2,N_din4_x2_c5_b,-614.569,N,din4,-1.2330587,-8.6197175,4.630776199999906
Co_Fe_N_din4_x2_c5_b_v2,-635.827,Co,Fe,N,din4,N_din4_x2_c5_b,N_din4_x2_c5_b_v2,5,Co_N_din4_x2_c5_b_v2,din4_x2,Fe_N_din4_x2_c5_b_v2,N_din4_x2_c5_b,-614.569,N,din4,-7.3844395,-8.6197175,-5.253843000000039
Cu_Fe_N_din4_x2_c5_b_v2,-632.527,Cu,Fe,N,din4,N_din4_x2_c5_b,N_din4_x2_c5_b_v2,5,Cu_N_din4_x2_c5_b_v2,din4_x2,Fe_N_din4_x2_c5_b_v2,N_din4_x2_c5_b,-614.569,N,din4,-4.23458825,-8.6197175,-5.103694250000084
Fe_Fe_N_din4_x2_c5_b_v2,-636.881,Fe,Fe,N,din4,N_din4_x2_c5_b,N_din4_x2_c5_b_v2,5,Fe_N_din4_x2_c5_b_v2,din4_x2,Fe_N_din4_x2_c5_b_v2,N_din4_x2_c5_b,-614.569,N,din4,-8.6197175,-8.6197175,-5.0725650000000115
Ir_Fe_N_din4_x2_c5_b_v2,-637.381,Ir,Fe,N,din4,N_din4_x2_c5_b,N_din4_x2_c5_b_v2,5,Ir_N_din4_x2_c5_b_v2,din4_x2,Fe_N_din4_x2_c5_b_v2,N_din4_x2_c5_b,-614.569,N,din4,-9.56008375,-8.6197175,-4.632198750000011
Ni_Fe_N_din4_x2_c5_b_v2,-634.696,Ni,Fe,N,din4,N_din4_x2_c5_b,N_din4_x2_c5_b_v2,5,Ni_N_din4_x2_c5_b_v2,din4_x2,Fe_N_din4_x2_c5_b_v2,N_din4_x2_c5_b,-614.569,N,din4,-5.86878875,-8.6197175,-5.638493750000066
Os_Fe_N_din4_x2_c5_b_v2,-639.139,Os,Fe,N,din4,N_din4_x2_c5_b,N_din4_x2_c5_b_v2,5,Os_N_din4_x2_c5_b_v2,din4_x2,Fe_N_din4_x2_c5_b_v2,N_din4_x2_c5_b,-614.569,N,din4,-11.839378,-8.6197175,-4.11090450000005
Pd_Fe_N_din4_x2_c5_b_v2,-633.323,Pd,Fe,N,din4,N_din4_x2_c5_b,N_din4_x2_c5_b_v2,5,Pd_N_din4_x2_c5_b_v2,din4_x2,Fe_N_din4_x2_c5_b_v2,N_din4_x2_c5_b,-614.569,N,din4,-5.79450325,-8.6197175,-4.339779250000019
Pt_Fe_N_din4_x2_c5_b_v2,-634.606,Pt,Fe,N,din4,N_din4_x2_c5_b,N_din4_x2_c5_b_v2,5,Pt_N_din4_x2_c5_b_v2,din4_x2,Fe_N_din4_x2_c5_b_v2,N_din4_x2_c5_b,-614.569,N,din4,-6.8665185,-8.6197175,-4.550764000000035
Rh_Fe_N_din4_x2_c5_b_v2,-635.451,Rh,Fe,N,din4,N_din4_x2_c5_b,N_din4_x2_c5_b_v2,5,Rh_N_din4_x2_c5_b_v2,din4_x2,Fe_N_din4_x2_c5_b_v2,N_din4_x2_c5_b,-614.569,N,din4,-7.850822,-8.6197175,-4.411460500000061
Ru_Fe_N_din4_x2_c5_b_v2,-637.244,Ru,Fe,N,din4,N_din4_x2_c5_b,N_din4_x2_c5_b_v2,5,Ru_N_din4_x2_c5_b_v2,din4_x2,Fe_N_din4_x2_c5_b_v2,N_din4_x2_c5_b,-614.569,N,din4,-9.8124665,-8.6197175,-4.242816000000069
Zn_Fe_N_din4_x2_c5_b_v2,-629.575,Zn,Fe,N,din4,N_din4_x2_c5_b,N_din4_x2_c5_b_v2,5,Zn_N_din4_x2_c5_b_v2,din4_x2,Fe_N_din4_x2_c5_b_v2,N_din4_x2_c5_b,-614.569,N,din4,-1.61724415,-8.6197175,-4.769038350000086
Zn_Fe_N_din6_as_c0,-630.112,Zn,Fe,N,din6,N_din6_as_c0,N_din6_as_c0,0,Zn_N_din6_as_c0,din6_as,Fe_N_din6_as_c0,N_din6_as_c0,-618.513,N,din6,-1.61724415,-8.6197175,-1.3620383499999331
Zn_Fe_N_din6_as_c1_1,-629.968,Zn,Fe,N,din6,N_din6_as_c1_1,N_din6_as_c1_1,1,Zn_N_din6_as_c1_1,din6_as,Fe_N_din6_as_c1_1,N_din6_as_c1_1,-617.784,N,din6,-1.61724415,-8.6197175,-1.9470383499999695
Cu_Fe_N_din6_as_c2_12,-632.927,Cu,Fe,N,din6,N_din6_as_c2_12,N_din6_as_c2_12,2,Cu_N_din6_as_c2_12,din6_as,Fe_N_din6_as_c2_12,N_din6_as_c2_12,-616.787,N,din6,-4.23458825,-8.6197175,-3.2856942499999864
Os_Fe_N_din6_as_c2_12,-637.991,Os,Fe,N,din6,N_din6_as_c2_12,N_din6_as_c2_12,2,Os_N_din6_as_c2_12,din6_as,Fe_N_din6_as_c2_12,N_din6_as_c2_12,-616.787,N,din6,-11.839378,-8.6197175,-0.7449044999999508
Cd_Fe_N_din6_as_c2_15,-628.466,Cd,Fe,N,din6,N_din6_as_c2_15,N_din6_as_c2_15,2,Cd_N_din6_as_c2_15,din6_as,Fe_N_din6_as_c2_15,N_din6_as_c2_15,-616.717,N,din6,-1.2330587,-8.6197175,-1.8962238000000229
Co_Fe_N_din6_as_c2_15,-635.49,Co,Fe,N,din6,N_din6_as_c2_15,N_din6_as_c2_15,2,Co_N_din6_as_c2_15,din6_as,Fe_N_din6_as_c2_15,N_din6_as_c2_15,-616.717,N,din6,-7.3844395,-8.6197175,-2.7688430000000253
Zn_Fe_N_din6_as_c2_15,-629.836,Zn,Fe,N,din6,N_din6_as_c2_15,N_din6_as_c2_15,2,Zn_N_din6_as_c2_15,din6_as,Fe_N_din6_as_c2_15,N_din6_as_c2_15,-616.717,N,din6,-1.61724415,-8.6197175,-2.8820383500000286
Cd_Fe_N_din6_as_c2_23,-628.674,Cd,Fe,N,din6,N_din6_as_c2_23,N_din6_as_c2_23,2,Cd_N_din6_as_c2_23,din6_as,Fe_N_din6_as_c2_23,N_din6_as_c2_23,-616.655,N,din6,-1.2330587,-8.6197175,-2.1662238000000045
Os_Fe_N_din6_as_c2_26,-637.953,Os,Fe,N,din6,N_din6_as_c2_26,N_din6_as_c2_26,2,Os_N_din6_as_c2_26,din6_as,Fe_N_din6_as_c2_26,N_din6_as_c2_26,-616.83,N,din6,-11.839378,-8.6197175,-0.6639044999999335
Pd_Fe_N_din6_as_c2_36,-633.962,Pd,Fe,N,din6,N_din6_as_c2_36,N_din6_as_c2_36,2,Pd_N_din6_as_c2_36,din6_as,Fe_N_din6_as_c2_36,N_din6_as_c2_36,-617.154,N,din6,-5.79450325,-8.6197175,-2.3937792499999926
Pt_Fe_N_din6_as_c2_36,-635.08,Pt,Fe,N,din6,N_din6_as_c2_36,N_din6_as_c2_36,2,Pt_N_din6_as_c2_36,din6_as,Fe_N_din6_as_c2_36,N_din6_as_c2_36,-617.154,N,din6,-6.8665185,-8.6197175,-2.4397640000000447
Cu_Fe_N_din6_as_c3_124,-632.311,Cu,Fe,N,din6,N_din6_as_c3_124,N_din6_as_c3_124,3,Cu_N_din6_as_c3_124,din6_as,Fe_N_din6_as_c3_124,N_din6_as_c3_124,-615.966,N,din6,-4.23458825,-8.6197175,-3.4906942500000273
Au_Fe_N_din6_as_c3_164,-631.095,Au,Fe,N,din6,N_din6_as_c3_164,N_din6_as_c3_164,3,Au_N_din6_as_c3_164,din6_as,Fe_N_din6_as_c3_164,N_din6_as_c3_164,-617.328,N,din6,-3.8767095,-8.6197175,-1.270573000000052
Pd_Fe_N_din6_as_c3_164,-633.612,Pd,Fe,N,din6,N_din6_as_c3_164,N_din6_as_c3_164,3,Pd_N_din6_as_c3_164,din6_as,Fe_N_din6_as_c3_164,N_din6_as_c3_164,-617.328,N,din6,-5.79450325,-8.6197175,-1.8697792499999917
Pt_Fe_N_din6_as_c3_164,-634.711,Pt,Fe,N,din6,N_din6_as_c3_164,N_din6_as_c3_164,3,Pt_N_din6_as_c3_164,din6_as,Fe_N_din6_as_c3_164,N_din6_as_c3_164,-617.328,N,din6,-6.8665185,-8.6197175,-1.8967640000000383
Os_Fe_N_din6_as_c3_216,-637.631,Os,Fe,N,din6,N_din6_as_c3_216,N_din6_as_c3_216,3,Os_N_din6_as_c3_216,din6_as,Fe_N_din6_as_c3_216,N_din6_as_c3_216,-617.265,N,din6,-11.839378,-8.6197175,0.0930955000000146
Cd_Fe_N_din6_as_c3_235,-628.46,Cd,Fe,N,din6,N_din6_as_c3_235,N_din6_as_c3_235,3,Cd_N_din6_as_c3_235,din6_as,Fe_N_din6_as_c3_235,N_din6_as_c3_235,-615.565,N,din6,-1.2330587,-8.6197175,-3.042223799999981
Co_Fe_N_din6_as_c3_235,-635.805,Co,Fe,N,din6,N_din6_as_c3_235,N_din6_as_c3_235,3,Co_N_din6_as_c3_235,din6_as,Fe_N_din6_as_c3_235,N_din6_as_c3_235,-615.565,N,din6,-7.3844395,-8.6197175,-4.235842999999896
Zn_Fe_N_din6_as_c3_235,-629.985,Zn,Fe,N,din6,N_din6_as_c3_235,N_din6_as_c3_235,3,Zn_N_din6_as_c3_235,din6_as,Fe_N_din6_as_c3_235,N_din6_as_c3_235,-615.565,N,din6,-1.61724415,-8.6197175,-4.1830383499999595
Os_Fe_N_din6_as_c3_236,-637.846,Os,Fe,N,din6,N_din6_as_c3_236,N_din6_as_c3_236,3,Os_N_din6_as_c3_236,din6_as,Fe_N_din6_as_c3_236,N_din6_as_c3_236,-615.994,N,din6,-11.839378,-8.6197175,-1.3929044999999751
Cd_Fe_N_din6_as_c3_253,-628.459,Cd,Fe,N,din6,N_din6_as_c3_253,N_din6_as_c3_253,3,Cd_N_din6_as_c3_253,din6_as,Fe_N_din6_as_c3_253,N_din6_as_c3_253,-615.565,N,din6,-1.2330587,-8.6197175,-3.041223799999891
Co_Fe_N_din6_as_c3_253,-635.805,Co,Fe,N,din6,N_din6_as_c3_253,N_din6_as_c3_253,3,Co_N_din6_as_c3_253,din6_as,Fe_N_din6_as_c3_253,N_din6_as_c3_253,-615.565,N,din6,-7.3844395,-8.6197175,-4.235842999999896
Zn_Fe_N_din6_as_c3_253,-629.987,Zn,Fe,N,din6,N_din6_as_c3_253,N_din6_as_c3_253,3,Zn_N_din6_as_c3_253,din6_as,Fe_N_din6_as_c3_253,N_din6_as_c3_253,-615.565,N,din6,-1.61724415,-8.6197175,-4.185038349999912
Au_Fe_N_din6_as_c3_346,-631.313,Au,Fe,N,din6,N_din6_as_c3_346,N_din6_as_c3_346,3,Au_N_din6_as_c3_346,din6_as,Fe_N_din6_as_c3_346,N_din6_as_c3_346,-617.437,N,din6,-3.8767095,-8.6197175,-1.3795729999999755
Au_Fe_N_din6_as_c4_2456,-631.223,Au,Fe,N,din6,N_din6_as_c4_2456,N_din6_as_c4_2456,4,Au_N_din6_as_c4_2456,din6_as,Fe_N_din6_as_c4_2456,N_din6_as_c4_2456,-615.875,N,din6,-3.8767095,-8.6197175,-2.8515729999999557
Au_Fe_N_din6_as_c4_3456,-631.09,Au,Fe,N,din6,N_din6_as_c4_3456,N_din6_as_c4_3456,4,Au_N_din6_as_c4_3456,din6_as,Fe_N_din6_as_c4_3456,N_din6_as_c4_3456,-616.457,N,din6,-3.8767095,-8.6197175,-2.1365730000000376
Ag_Fe_N_din6_as_c5_12345,-629.664,Ag,Fe,N,din6,N_din6_as_c5_12345,N_din6_as_c5_12345,5,Ag_N_din6_as_c5_12345,din6_as,Fe_N_din6_as_c5_12345,N_din6_as_c5_12345,-615.147,N,din6,-3.20700575,-8.6197175,-2.6902767499999385
Au_Fe_N_din6_as_c5_12346,-631.415,Au,Fe,N,din6,N_din6_as_c5_12346,N_din6_as_c5_12346,5,Au_N_din6_as_c5_12346,din6_as,Fe_N_din6_as_c5_12346,N_din6_as_c5_12346,-616.891,N,din6,-3.8767095,-8.6197175,-2.0275730000000003
Ag_Fe_N_din6_s_c0,-610.642,Ag,Fe,N,din6,N_din6_s_c0,N_din6_s_c0,0,Ag_N_din6_s_c0,din6_s,Fe_N_din6_s_c0,N_din6_s_c0,-600.797,N,din6,-3.20700575,-8.6197175,1.9817232499999733
Au_Fe_N_din6_s_c0,-611.174,Au,Fe,N,din6,N_din6_s_c0,N_din6_s_c0,0,Au_N_din6_s_c0,din6_s,Fe_N_din6_s_c0,N_din6_s_c0,-600.797,N,din6,-3.8767095,-8.6197175,2.119427000000048
Cd_Fe_N_din6_s_c0,-608.837,Cd,Fe,N,din6,N_din6_s_c0,N_din6_s_c0,0,Cd_N_din6_s_c0,din6_s,Fe_N_din6_s_c0,N_din6_s_c0,-600.797,N,din6,-1.2330587,-8.6197175,1.8127762000000365
Co_Fe_N_din6_s_c0,-614.717,Co,Fe,N,din6,N_din6_s_c0,N_din6_s_c0,0,Co_N_din6_s_c0,din6_s,Fe_N_din6_s_c0,N_din6_s_c0,-600.797,N,din6,-7.3844395,-8.6197175,2.084157000000041
Cu_Fe_N_din6_s_c0,-611.853,Cu,Fe,N,din6,N_din6_s_c0,N_din6_s_c0,0,Cu_N_din6_s_c0,din6_s,Fe_N_din6_s_c0,N_din6_s_c0,-600.797,N,din6,-4.23458825,-8.6197175,1.7983057500000736
Ir_Fe_N_din6_s_c0,-615.682,Ir,Fe,N,din6,N_din6_s_c0,N_din6_s_c0,0,Ir_N_din6_s_c0,din6_s,Fe_N_din6_s_c0,N_din6_s_c0,-600.797,N,din6,-9.56008375,-8.6197175,3.2948012500000097
Ni_Fe_N_din6_s_c0,-613.442,Ni,Fe,N,din6,N_din6_s_c0,N_din6_s_c0,0,Ni_N_din6_s_c0,din6_s,Fe_N_din6_s_c0,N_din6_s_c0,-600.797,N,din6,-5.86878875,-8.6197175,1.8435062500000183
Os_Fe_N_din6_s_c0,-617.453,Os,Fe,N,din6,N_din6_s_c0,N_din6_s_c0,0,Os_N_din6_s_c0,din6_s,Fe_N_din6_s_c0,N_din6_s_c0,-600.797,N,din6,-11.839378,-8.6197175,3.803095500000051
Pd_Fe_N_din6_s_c0,-613.123,Pd,Fe,N,din6,N_din6_s_c0,N_din6_s_c0,0,Pd_N_din6_s_c0,din6_s,Fe_N_din6_s_c0,N_din6_s_c0,-600.797,N,din6,-5.79450325,-8.6197175,2.0882207499999783
Pt_Fe_N_din6_s_c0,-613.489,Pt,Fe,N,din6,N_din6_s_c0,N_din6_s_c0,0,Pt_N_din6_s_c0,din6_s,Fe_N_din6_s_c0,N_din6_s_c0,-600.797,N,din6,-6.8665185,-8.6197175,2.7942359999999926
Rh_Fe_N_din6_s_c0,-614.979,Rh,Fe,N,din6,N_din6_s_c0,N_din6_s_c0,0,Rh_N_din6_s_c0,din6_s,Fe_N_din6_s_c0,N_din6_s_c0,-600.797,N,din6,-7.850822,-8.6197175,2.2885394999999837
Ru_Fe_N_din6_s_c0,-616.415,Ru,Fe,N,din6,N_din6_s_c0,N_din6_s_c0,0,Ru_N_din6_s_c0,din6_s,Fe_N_din6_s_c0,N_din6_s_c0,-600.797,N,din6,-9.8124665,-8.6197175,2.8141840000000613
Zn_Fe_N_din6_s_c0,-610.201,Zn,Fe,N,din6,N_din6_s_c0,N_din6_s_c0,0,Zn_N_din6_s_c0,din6_s,Fe_N_din6_s_c0,N_din6_s_c0,-600.797,N,din6,-1.61724415,-8.6197175,0.8329616500000041
Ir_Fe_N_din6_s_c1,-615.973,Ir,Fe,N,din6,N_din6_s_c1,N_din6_s_c1,1,Ir_N_din6_s_c1,din6_s,Fe_N_din6_s_c1,N_din6_s_c1,-599.834,N,din6,-9.56008375,-8.6197175,2.0408012499999906
Pd_Fe_N_din6_s_c1,-613.275,Pd,Fe,N,din6,N_din6_s_c1,N_din6_s_c1,1,Pd_N_din6_s_c1,din6_s,Fe_N_din6_s_c1,N_din6_s_c1,-599.834,N,din6,-5.79450325,-8.6197175,0.9732207499999692
Pt_Fe_N_din6_s_c1,-613.839,Pt,Fe,N,din6,N_din6_s_c1,N_din6_s_c1,1,Pt_N_din6_s_c1,din6_s,Fe_N_din6_s_c1,N_din6_s_c1,-599.834,N,din6,-6.8665185,-8.6197175,1.4812359999998908
Rh_Fe_N_din6_s_c1,-615.24,Rh,Fe,N,din6,N_din6_s_c1,N_din6_s_c1,1,Rh_N_din6_s_c1,din6_s,Fe_N_din6_s_c1,N_din6_s_c1,-599.834,N,din6,-7.850822,-8.6197175,1.0645394999999374
Pt_Fe_N_din6_s_c2_01,-613.808,Pt,Fe,N,din6,N_din6_s_c2_01,N_din6_s_c2_01,2,Pt_N_din6_s_c2_01,din6_s,Fe_N_din6_s_c2_01,N_din6_s_c2_01,-598.699,N,din6,-6.8665185,-8.6197175,0.3772359999999626
Cd_Fe_N_din6_s_c2_02,-608.89,Cd,Fe,N,din6,N_din6_s_c2_02,N_din6_s_c2_02,2,Cd_N_din6_s_c2_02,din6_s,Fe_N_din6_s_c2_02,N_din6_s_c2_02,-598.852,N,din6,-1.2330587,-8.6197175,-0.1852238000000099
Pt_Fe_N_din6_s_c2_02,-613.609,Pt,Fe,N,din6,N_din6_s_c2_02,N_din6_s_c2_02,2,Pt_N_din6_s_c2_02,din6_s,Fe_N_din6_s_c2_02,N_din6_s_c2_02,-598.852,N,din6,-6.8665185,-8.6197175,0.729235999999938
Zn_Fe_N_din6_s_c2_02,-610.256,Zn,Fe,N,din6,N_din6_s_c2_02,N_din6_s_c2_02,2,Zn_N_din6_s_c2_02,din6_s,Fe_N_din6_s_c2_02,N_din6_s_c2_02,-598.852,N,din6,-1.61724415,-8.6197175,-1.1670383499999968
Os_Fe_N_din6_s_c2_12,-617.036,Os,Fe,N,din6,N_din6_s_c2_12,N_din6_s_c2_12,2,Os_N_din6_s_c2_12,din6_s,Fe_N_din6_s_c2_12,N_din6_s_c2_12,-598.699,N,din6,-11.839378,-8.6197175,2.122095500000011
Pt_Fe_N_din6_s_c2_12,-613.717,Pt,Fe,N,din6,N_din6_s_c2_12,N_din6_s_c2_12,2,Pt_N_din6_s_c2_12,din6_s,Fe_N_din6_s_c2_12,N_din6_s_c2_12,-598.699,N,din6,-6.8665185,-8.6197175,0.4682359999999708
Cd_Fe_N_din6_s_c2_15,-608.89,Cd,Fe,N,din6,N_din6_s_c2_15,N_din6_s_c2_15,2,Cd_N_din6_s_c2_15,din6_s,Fe_N_din6_s_c2_15,N_din6_s_c2_15,-598.852,N,din6,-1.2330587,-8.6197175,-0.1852238000000099
Co_Fe_N_din6_s_c3_012,-615.435,Co,Fe,N,din6,N_din6_s_c3_012,N_din6_s_c3_012,3,Co_N_din6_s_c3_012,din6_s,Fe_N_din6_s_c3_012,N_din6_s_c3_012,-597.538,N,din6,-7.3844395,-8.6197175,-1.8928429999999352
Pt_Fe_N_din6_s_c3_012,-613.215,Pt,Fe,N,din6,N_din6_s_c3_012,N_din6_s_c3_012,3,Pt_N_din6_s_c3_012,din6_s,Fe_N_din6_s_c3_012,N_din6_s_c3_012,-597.538,N,din6,-6.8665185,-8.6197175,-0.190764000000021
Ag_Fe_N_din6_s_c3_024,-609.47,Ag,Fe,N,din6,N_din6_s_c3_024,N_din6_s_c3_024,3,Ag_N_din6_s_c3_024,din6_s,Fe_N_din6_s_c3_024,N_din6_s_c3_024,-597.85,N,din6,-3.20700575,-8.6197175,0.206723249999996
Cd_Fe_N_din6_s_c3_024,-608.69,Cd,Fe,N,din6,N_din6_s_c3_024,N_din6_s_c3_024,3,Cd_N_din6_s_c3_024,din6_s,Fe_N_din6_s_c3_024,N_din6_s_c3_024,-597.85,N,din6,-1.2330587,-8.6197175,-0.9872238000000308
Os_Fe_N_din6_s_c3_024,-618.02,Os,Fe,N,din6,N_din6_s_c3_024,N_din6_s_c3_024,3,Os_N_din6_s_c3_024,din6_s,Fe_N_din6_s_c3_024,N_din6_s_c3_024,-597.85,N,din6,-11.839378,-8.6197175,0.289095500000041
Zn_Fe_N_din6_s_c3_024,-610.2,Zn,Fe,N,din6,N_din6_s_c3_024,N_din6_s_c3_024,3,Zn_N_din6_s_c3_024,din6_s,Fe_N_din6_s_c3_024,N_din6_s_c3_024,-597.85,N,din6,-1.61724415,-8.6197175,-2.113038350000023
Os_Fe_N_din6_s_c4_0124,-617.107,Os,Fe,N,din6,N_din6_s_c4_0124,N_din6_s_c4_0124,4,Os_N_din6_s_c4_0124,din6_s,Fe_N_din6_s_c4_0124,N_din6_s_c4_0124,-596.517,N,din6,-11.839378,-8.6197175,-0.130904499999918
Zn_Fe_N_din6_s_c4_0124,-610.072,Zn,Fe,N,din6,N_din6_s_c4_0124,N_din6_s_c4_0124,4,Zn_N_din6_s_c4_0124,din6_s,Fe_N_din6_s_c4_0124,N_din6_s_c4_0124,-596.517,N,din6,-1.61724415,-8.6197175,-3.3180383499999504
Os_Fe_N_din6_s_c5,-617.009,Os,Fe,N,din6,N_din6_s_c5,N_din6_s_c5,5,Os_N_din6_s_c5,din6_s,Fe_N_din6_s_c5,N_din6_s_c5,-595.157,N,din6,-11.839378,-8.6197175,-1.3929044999999751
